BEGIN;

-- ==========================================
-- İş və Xidmətlər / Jobs & Services / Работа и услуги
-- ==========================================
INSERT INTO categories (id, title, is_active, parent_id, has_options, type) VALUES ('01KJB9Q9YQ4T79AY', '{"az":"İş və Xidmətlər","en":"Jobs & Services","ru":"Работа и услуги"}', true, NULL, false, 'normal');
INSERT INTO categories (id, title, is_active, parent_id, has_options, type) VALUES ('01KJB9Q9YQHED513', '{"az":"İş elanları (Vakansiyalar)","en":"Job vacancies","ru":"Вакансии"}', true, '01KJB9Q9YQ4T79AY', true, 'normal');
INSERT INTO category_filters (id, category_id, title, type, "order") VALUES ('01KJB9Q9YQWY1A9D', '01KJB9Q9YQHED513', '{"az":"Sahə","en":"Industry","ru":"Сфера"}', 'STATIC', 0);
INSERT INTO category_filter_options (id, filter_id, title, "order") VALUES ('01KJB9Q9YQBM2RY4', '01KJB9Q9YQWY1A9D', '{"az":"IT, Proqramlaşdırma","en":"IT, Programming","ru":"IT, Программирование"}', 0);
INSERT INTO category_filter_options (id, filter_id, title, "order") VALUES ('01KJB9Q9YQV55ERD', '01KJB9Q9YQWY1A9D', '{"az":"Satış / Marketinq","en":"Sales/Marketing","ru":"Продажи/Маркетинг"}', 1);
INSERT INTO category_filter_options (id, filter_id, title, "order") VALUES ('01KJB9Q9YQKCWJ6S', '01KJB9Q9YQWY1A9D', '{"az":"Maliyyə/Mühasibat","en":"Finance/Accounting","ru":"Финансы/Бухгалтерия"}', 2);
INSERT INTO category_filter_options (id, filter_id, title, "order") VALUES ('01KJB9Q9YQ3B1CP0', '01KJB9Q9YQWY1A9D', '{"az":"Təhsil/Elm","en":"Education","ru":"Образование"}', 3);
INSERT INTO category_filter_options (id, filter_id, title, "order") VALUES ('01KJB9Q9YQW8Q4GB', '01KJB9Q9YQWY1A9D', '{"az":"Tibb/Əczaçılıq","en":"Medicine/Pharmacy","ru":"Медицина/Фармация"}', 4);
INSERT INTO category_filter_options (id, filter_id, title, "order") VALUES ('01KJB9Q9YQWYTPN9', '01KJB9Q9YQWY1A9D', '{"az":"Logistika/Sürücü","en":"Logistics/Driver","ru":"Логистика/Водитель"}', 5);
INSERT INTO category_filter_options (id, filter_id, title, "order") VALUES ('01KJB9Q9YQ0CP07V', '01KJB9Q9YQWY1A9D', '{"az":"İnşaat","en":"Construction","ru":"Строительство"}', 6);
INSERT INTO category_filter_options (id, filter_id, title, "order") VALUES ('01KJB9Q9YQF6S2RD', '01KJB9Q9YQWY1A9D', '{"az":"Turizm/Otelçilik","en":"Tourism/Hospitality","ru":"Туризм/Гостиничн."}', 7);
INSERT INTO category_filter_options (id, filter_id, title, "order") VALUES ('01KJB9Q9YQ2PQK1S', '01KJB9Q9YQWY1A9D', '{"az":"İnzibatçılıq","en":"Admin/Office","ru":"Административная"}', 8);
INSERT INTO category_filter_options (id, filter_id, title, "order") VALUES ('01KJB9Q9YR9ARFCY', '01KJB9Q9YQWY1A9D', '{"az":"İstehsalat","en":"Manufacturing","ru":"Производство"}', 9);
INSERT INTO category_filters (id, category_id, title, type, "order") VALUES ('01KJB9Q9YR1WWDPB', '01KJB9Q9YQHED513', '{"az":"Təcrübə","en":"Experience","ru":"Опыт"}', 'STATIC', 1);
INSERT INTO category_filter_options (id, filter_id, title, "order") VALUES ('01KJB9Q9YRQAKX0C', '01KJB9Q9YR1WWDPB', '{"az":"Təcrübəsiz","en":"No experience","ru":"Без опыта"}', 0);
INSERT INTO category_filter_options (id, filter_id, title, "order") VALUES ('01KJB9Q9YRRWZTJM', '01KJB9Q9YR1WWDPB', '{"az":"1 ildən az","en":"< 1 year","ru":"Менее 1 года"}', 1);
INSERT INTO category_filter_options (id, filter_id, title, "order") VALUES ('01KJB9Q9YR7T4V8C', '01KJB9Q9YR1WWDPB', '{"az":"1-3 il","en":"1-3 years","ru":"1-3 года"}', 2);
INSERT INTO category_filter_options (id, filter_id, title, "order") VALUES ('01KJB9Q9YRPBVFFS', '01KJB9Q9YR1WWDPB', '{"az":"3-5 il","en":"3-5 years","ru":"3-5 лет"}', 3);
INSERT INTO category_filter_options (id, filter_id, title, "order") VALUES ('01KJB9Q9YR8BES15', '01KJB9Q9YR1WWDPB', '{"az":"5+ il","en":"> 5 years","ru":"Более 5 лет"}', 4);
INSERT INTO category_filters (id, category_id, title, type, "order") VALUES ('01KJB9Q9YRBPFHEX', '01KJB9Q9YQHED513', '{"az":"İş qrafiki","en":"Schedule","ru":"График работы"}', 'STATIC', 2);
INSERT INTO category_filter_options (id, filter_id, title, "order") VALUES ('01KJB9Q9YRSEWSDZ', '01KJB9Q9YRBPFHEX', '{"az":"Tam iş günü","en":"Full-time","ru":"Полный рабочий день"}', 0);
INSERT INTO category_filter_options (id, filter_id, title, "order") VALUES ('01KJB9Q9YRXVS1QZ', '01KJB9Q9YRBPFHEX', '{"az":"Yarım iş günü","en":"Part-time","ru":"Неполный рабочий день"}', 1);
INSERT INTO category_filter_options (id, filter_id, title, "order") VALUES ('01KJB9Q9YRCC0S1J', '01KJB9Q9YRBPFHEX', '{"az":"Sərbəst qrafik","en":"Freelance","ru":"Свободный график"}', 2);
INSERT INTO category_filter_options (id, filter_id, title, "order") VALUES ('01KJB9Q9YREQ7D23', '01KJB9Q9YRBPFHEX', '{"az":"Növbəli","en":"Shift","ru":"Сменный"}', 3);
INSERT INTO category_filter_options (id, filter_id, title, "order") VALUES ('01KJB9Q9YRKWMAEA', '01KJB9Q9YRBPFHEX', '{"az":"Məsafədən","en":"Remote","ru":"Удаленная"}', 4);
INSERT INTO category_filters (id, category_id, title, type, "order") VALUES ('01KJB9Q9YREK2311', '01KJB9Q9YQHED513', '{"az":"Maaş (AZN)","en":"Salary (AZN)","ru":"Зарплата (AZN)"}', 'DYNAMIC', 3);
INSERT INTO categories (id, title, is_active, parent_id, has_options, type) VALUES ('01KJB9Q9YRWX0KFQ', '{"az":"İş axtarıram (Resümelər)","en":"Looking for job (CVs)","ru":"Ищу работу"}', true, '01KJB9Q9YQ4T79AY', true, 'normal');
INSERT INTO category_filters (id, category_id, title, type, "order") VALUES ('01KJB9Q9YR81SH4M', '01KJB9Q9YRWX0KFQ', '{"az":"Sahə","en":"Industry","ru":"Сфера"}', 'STATIC', 0);
INSERT INTO category_filter_options (id, filter_id, title, "order") VALUES ('01KJB9Q9YRKK0WP2', '01KJB9Q9YR81SH4M', '{"az":"IT, Proqramlaşdırma","en":"IT","ru":"IT"}', 0);
INSERT INTO category_filter_options (id, filter_id, title, "order") VALUES ('01KJB9Q9YRB682KP', '01KJB9Q9YR81SH4M', '{"az":"Satış/Marketinq","en":"Sales/Marketing","ru":"Продажи/Маркетинг"}', 1);
INSERT INTO category_filter_options (id, filter_id, title, "order") VALUES ('01KJB9Q9YR9TY1YP', '01KJB9Q9YR81SH4M', '{"az":"Maliyyə","en":"Finance","ru":"Финансы"}', 2);
INSERT INTO category_filter_options (id, filter_id, title, "order") VALUES ('01KJB9Q9YRG5NCWX', '01KJB9Q9YR81SH4M', '{"az":"Təhsil","en":"Education","ru":"Образование"}', 3);
INSERT INTO category_filter_options (id, filter_id, title, "order") VALUES ('01KJB9Q9YRZDBTJW', '01KJB9Q9YR81SH4M', '{"az":"Tibb","en":"Medicine","ru":"Медицина"}', 4);
INSERT INTO category_filter_options (id, filter_id, title, "order") VALUES ('01KJB9Q9YR1A74RT', '01KJB9Q9YR81SH4M', '{"az":"Logistika/Sürücü","en":"Logistics","ru":"Логистика"}', 5);
INSERT INTO category_filter_options (id, filter_id, title, "order") VALUES ('01KJB9Q9YRNDDBJX', '01KJB9Q9YR81SH4M', '{"az":"İnşaat","en":"Construction","ru":"Строительство"}', 6);
INSERT INTO category_filter_options (id, filter_id, title, "order") VALUES ('01KJB9Q9YRWQMGGR', '01KJB9Q9YR81SH4M', '{"az":"Digər","en":"Other","ru":"Другое"}', 7);
INSERT INTO category_filters (id, category_id, title, type, "order") VALUES ('01KJB9Q9YR69YD5P', '01KJB9Q9YRWX0KFQ', '{"az":"Təcrübə","en":"Experience","ru":"Опыт"}', 'STATIC', 1);
INSERT INTO category_filter_options (id, filter_id, title, "order") VALUES ('01KJB9Q9YRSKWD67', '01KJB9Q9YR69YD5P', '{"az":"Təcrübəsiz","en":"No experience","ru":"Без опыта"}', 0);
INSERT INTO category_filter_options (id, filter_id, title, "order") VALUES ('01KJB9Q9YRNCZVZ1', '01KJB9Q9YR69YD5P', '{"az":"1 ildən az","en":"< 1 year","ru":"Менее 1 года"}', 1);
INSERT INTO category_filter_options (id, filter_id, title, "order") VALUES ('01KJB9Q9YRGJH7XS', '01KJB9Q9YR69YD5P', '{"az":"1-3 il","en":"1-3 years","ru":"1-3 года"}', 2);
INSERT INTO category_filter_options (id, filter_id, title, "order") VALUES ('01KJB9Q9YR46ANX9', '01KJB9Q9YR69YD5P', '{"az":"3-5 il","en":"3-5 years","ru":"3-5 лет"}', 3);
INSERT INTO category_filter_options (id, filter_id, title, "order") VALUES ('01KJB9Q9YR94XTB4', '01KJB9Q9YR69YD5P', '{"az":"5+ il","en":"> 5 years","ru":"Более 5 лет"}', 4);
INSERT INTO category_filters (id, category_id, title, type, "order") VALUES ('01KJB9Q9YRXTSG4F', '01KJB9Q9YRWX0KFQ', '{"az":"İş qrafiki","en":"Schedule","ru":"График работы"}', 'STATIC', 2);
INSERT INTO category_filter_options (id, filter_id, title, "order") VALUES ('01KJB9Q9YR01F9XA', '01KJB9Q9YRXTSG4F', '{"az":"Tam iş günü","en":"Full-time","ru":"Полный рабочий день"}', 0);
INSERT INTO category_filter_options (id, filter_id, title, "order") VALUES ('01KJB9Q9YRZT6WXV', '01KJB9Q9YRXTSG4F', '{"az":"Yarım iş günü","en":"Part-time","ru":"Неполный рабочий день"}', 1);
INSERT INTO category_filter_options (id, filter_id, title, "order") VALUES ('01KJB9Q9YRW8MMMV', '01KJB9Q9YRXTSG4F', '{"az":"Sərbəst qrafik","en":"Freelance","ru":"Свободный график"}', 2);
INSERT INTO category_filter_options (id, filter_id, title, "order") VALUES ('01KJB9Q9YR6CEQT4', '01KJB9Q9YRXTSG4F', '{"az":"Növbəli","en":"Shift","ru":"Сменный"}', 3);
INSERT INTO category_filter_options (id, filter_id, title, "order") VALUES ('01KJB9Q9YRQX6EAC', '01KJB9Q9YRXTSG4F', '{"az":"Məsafədən","en":"Remote","ru":"Удаленная"}', 4);
INSERT INTO categories (id, title, is_active, parent_id, has_options, type) VALUES ('01KJB9Q9YR2RTSY2', '{"az":"Təmir və Tikinti xidmətləri","en":"Repair & Construction services","ru":"Ремонт и строительство"}', true, '01KJB9Q9YQ4T79AY', true, 'normal');
INSERT INTO category_filters (id, category_id, title, type, "order") VALUES ('01KJB9Q9YR1NYYCW', '01KJB9Q9YR2RTSY2', '{"az":"Növ","en":"Service type","ru":"Вид услуги"}', 'STATIC', 0);
INSERT INTO category_filter_options (id, filter_id, title, "order") VALUES ('01KJB9Q9YRWGKE3F', '01KJB9Q9YR1NYYCW', '{"az":"Açar təslimi","en":"Turnkey repair","ru":"Ремонт под ключ"}', 0);
INSERT INTO category_filter_options (id, filter_id, title, "order") VALUES ('01KJB9Q9YR2CEZRJ', '01KJB9Q9YR1NYYCW', '{"az":"Santexnik","en":"Plumber","ru":"Сантехник"}', 1);
INSERT INTO category_filter_options (id, filter_id, title, "order") VALUES ('01KJB9Q9YRV22QCH', '01KJB9Q9YR1NYYCW', '{"az":"Elektrik","en":"Electrician","ru":"Электрик"}', 2);
INSERT INTO category_filter_options (id, filter_id, title, "order") VALUES ('01KJB9Q9YRTF28RJ', '01KJB9Q9YR1NYYCW', '{"az":"Malyar/Rəngsaz","en":"Painter","ru":"Маляр"}', 3);
INSERT INTO category_filter_options (id, filter_id, title, "order") VALUES ('01KJB9Q9YRDW65J6', '01KJB9Q9YR1NYYCW', '{"az":"Kafel/Metlax","en":"Tiler","ru":"Укладка плитки"}', 4);
INSERT INTO category_filter_options (id, filter_id, title, "order") VALUES ('01KJB9Q9YRR6FWCK', '01KJB9Q9YR1NYYCW', '{"az":"Alçı/Gips","en":"Plastering","ru":"Штукатурка/Гипс"}', 5);
INSERT INTO category_filter_options (id, filter_id, title, "order") VALUES ('01KJB9Q9YR0FDMME', '01KJB9Q9YR1NYYCW', '{"az":"Qapı/Pəncərə","en":"Door/Window install","ru":"Монтаж дверей/окон"}', 6);
INSERT INTO category_filter_options (id, filter_id, title, "order") VALUES ('01KJB9Q9YR8RC23A', '01KJB9Q9YR1NYYCW', '{"az":"Bağçalıq","en":"Landscaping","ru":"Ландшафтный дизайн"}', 7);
INSERT INTO categories (id, title, is_active, parent_id, has_options, type) VALUES ('01KJB9Q9YR43D0F5', '{"az":"Usta xidmətləri","en":"Handyman services","ru":"Услуги мастера"}', true, '01KJB9Q9YQ4T79AY', true, 'normal');
INSERT INTO category_filters (id, category_id, title, type, "order") VALUES ('01KJB9Q9YR0X28KQ', '01KJB9Q9YR43D0F5', '{"az":"Növ","en":"Type","ru":"Тип"}', 'STATIC', 0);
INSERT INTO category_filter_options (id, filter_id, title, "order") VALUES ('01KJB9Q9YR3VHZA1', '01KJB9Q9YR0X28KQ', '{"az":"Mebel yığma","en":"Furniture assembly","ru":"Сборка мебели"}', 0);
INSERT INTO category_filter_options (id, filter_id, title, "order") VALUES ('01KJB9Q9YR1Y11J7', '01KJB9Q9YR0X28KQ', '{"az":"Cihaz quraşdırma","en":"Appliance installation","ru":"Монтаж техники"}', 1);
INSERT INTO category_filter_options (id, filter_id, title, "order") VALUES ('01KJB9Q9YRV5HBMG', '01KJB9Q9YR0X28KQ', '{"az":"Kondisioner","en":"AC installation","ru":"Установка кондиционера"}', 2);
INSERT INTO category_filter_options (id, filter_id, title, "order") VALUES ('01KJB9Q9YRV1NVWW', '01KJB9Q9YR0X28KQ', '{"az":"TV asma","en":"TV mounting","ru":"Крепление ТВ"}', 3);
INSERT INTO category_filter_options (id, filter_id, title, "order") VALUES ('01KJB9Q9YRY966PF', '01KJB9Q9YR0X28KQ', '{"az":"Çilingər","en":"Locksmith","ru":"Слесарные работы"}', 4);
INSERT INTO categories (id, title, is_active, parent_id, has_options, type) VALUES ('01KJB9Q9YR8RBNTK', '{"az":"Avtomobil təmiri xidmətləri","en":"Auto repair services","ru":"Автосервис"}', true, '01KJB9Q9YQ4T79AY', true, 'normal');
INSERT INTO category_filters (id, category_id, title, type, "order") VALUES ('01KJB9Q9YR2WVF5V', '01KJB9Q9YR8RBNTK', '{"az":"Növ","en":"Type","ru":"Тип"}', 'STATIC', 0);
INSERT INTO category_filter_options (id, filter_id, title, "order") VALUES ('01KJB9Q9YRD3MFME', '01KJB9Q9YR2WVF5V', '{"az":"Mühərrik təmiri","en":"Engine repair","ru":"Ремонт двигателя"}', 0);
INSERT INTO category_filter_options (id, filter_id, title, "order") VALUES ('01KJB9Q9YRQW9XTZ', '01KJB9Q9YR2WVF5V', '{"az":"Bəlaqabekçi","en":"Body work","ru":"Кузовной ремонт"}', 1);
INSERT INTO category_filter_options (id, filter_id, title, "order") VALUES ('01KJB9Q9YR5MGAFB', '01KJB9Q9YR2WVF5V', '{"az":"Elektrik diagnostika","en":"Electrical diagnostics","ru":"Диагностика электрики"}', 2);
INSERT INTO category_filter_options (id, filter_id, title, "order") VALUES ('01KJB9Q9YRHAVCXG', '01KJB9Q9YR2WVF5V', '{"az":"Şin dəyişdirmə","en":"Tire change","ru":"Шиномонтаж"}', 3);
INSERT INTO category_filter_options (id, filter_id, title, "order") VALUES ('01KJB9Q9YRF0MS5N', '01KJB9Q9YR2WVF5V', '{"az":"Yağ dəyişdirmə","en":"Oil change","ru":"Замена масла"}', 4);
INSERT INTO category_filter_options (id, filter_id, title, "order") VALUES ('01KJB9Q9YR2WMW3B', '01KJB9Q9YR2WVF5V', '{"az":"Toning","en":"Tinting","ru":"Тонировка"}', 5);
INSERT INTO categories (id, title, is_active, parent_id, has_options, type) VALUES ('01KJB9Q9YRGS97Y8', '{"az":"Elektronika və Məişət texnikası təmiri","en":"Electronics repair","ru":"Ремонт электроники"}', true, '01KJB9Q9YQ4T79AY', true, 'normal');
INSERT INTO category_filters (id, category_id, title, type, "order") VALUES ('01KJB9Q9YR80QTQ7', '01KJB9Q9YRGS97Y8', '{"az":"Cihaz növü","en":"Device type","ru":"Тип устройства"}', 'STATIC', 0);
INSERT INTO category_filter_options (id, filter_id, title, "order") VALUES ('01KJB9Q9YRQ317XQ', '01KJB9Q9YR80QTQ7', '{"az":"Telefon","en":"Phone","ru":"Телефон"}', 0);
INSERT INTO category_filter_options (id, filter_id, title, "order") VALUES ('01KJB9Q9YRV0TV1V', '01KJB9Q9YR80QTQ7', '{"az":"Noutbuk","en":"Laptop","ru":"Ноутбук"}', 1);
INSERT INTO category_filter_options (id, filter_id, title, "order") VALUES ('01KJB9Q9YRJQBA65', '01KJB9Q9YR80QTQ7', '{"az":"Planşet","en":"Tablet","ru":"Планшет"}', 2);
INSERT INTO category_filter_options (id, filter_id, title, "order") VALUES ('01KJB9Q9YR96WC67', '01KJB9Q9YR80QTQ7', '{"az":"Televizor","en":"TV","ru":"Телевизор"}', 3);
INSERT INTO category_filter_options (id, filter_id, title, "order") VALUES ('01KJB9Q9YRKSNSSW', '01KJB9Q9YR80QTQ7', '{"az":"Paltaryuyan","en":"Washing machine","ru":"Стиральная машина"}', 4);
INSERT INTO category_filter_options (id, filter_id, title, "order") VALUES ('01KJB9Q9YR9P9RKJ', '01KJB9Q9YR80QTQ7', '{"az":"Soyuducu","en":"Refrigerator","ru":"Холодильник"}', 5);
INSERT INTO category_filter_options (id, filter_id, title, "order") VALUES ('01KJB9Q9YR1AHY54', '01KJB9Q9YR80QTQ7', '{"az":"Kondisioner","en":"AC","ru":"Кондиционер"}', 6);
INSERT INTO categories (id, title, is_active, parent_id, has_options, type) VALUES ('01KJB9Q9YRMND7SC', '{"az":"Nəqliyyat və Logistika","en":"Transport & Moving","ru":"Транспорт и логистика"}', true, '01KJB9Q9YQ4T79AY', true, 'normal');
INSERT INTO category_filters (id, category_id, title, type, "order") VALUES ('01KJB9Q9YRS7QTVS', '01KJB9Q9YRMND7SC', '{"az":"Növ","en":"Type","ru":"Тип"}', 'STATIC', 0);
INSERT INTO category_filter_options (id, filter_id, title, "order") VALUES ('01KJB9Q9YRAHJEXD', '01KJB9Q9YRS7QTVS', '{"az":"Yükdaşıma","en":"Freight/Moving","ru":"Грузоперевозки/Переезд"}', 0);
INSERT INTO category_filter_options (id, filter_id, title, "order") VALUES ('01KJB9Q9YRA7GZ4T', '01KJB9Q9YRS7QTVS', '{"az":"Taksi/Transfer","en":"Taxi/Transfer","ru":"Такси/Трансфер"}', 1);
INSERT INTO category_filter_options (id, filter_id, title, "order") VALUES ('01KJB9Q9YRQDP4D2', '01KJB9Q9YRS7QTVS', '{"az":"Evakuator","en":"Tow truck","ru":"Эвакуатор"}', 2);
INSERT INTO category_filter_options (id, filter_id, title, "order") VALUES ('01KJB9Q9YRGXED2W', '01KJB9Q9YRS7QTVS', '{"az":"Avtoicarə","en":"Car rental","ru":"Аренда авто"}', 3);
INSERT INTO category_filter_options (id, filter_id, title, "order") VALUES ('01KJB9Q9YREQYXRP', '01KJB9Q9YRS7QTVS', '{"az":"Kuryer/Çatdırılma","en":"Courier/Delivery","ru":"Курьер/Доставка"}', 4);
INSERT INTO categories (id, title, is_active, parent_id, has_options, type) VALUES ('01KJB9Q9YRRYBFQW', '{"az":"Təmizlik və Ev xidmətləri","en":"Cleaning services","ru":"Клининг"}', true, '01KJB9Q9YQ4T79AY', true, 'normal');
INSERT INTO category_filters (id, category_id, title, type, "order") VALUES ('01KJB9Q9YRDRTAMY', '01KJB9Q9YRRYBFQW', '{"az":"Xidmət növü","en":"Service type","ru":"Тип услуги"}', 'STATIC', 0);
INSERT INTO category_filter_options (id, filter_id, title, "order") VALUES ('01KJB9Q9YR6FBCX0', '01KJB9Q9YRDRTAMY', '{"az":"Ümumi təmizlik","en":"General cleaning","ru":"Генеральная уборка"}', 0);
INSERT INTO category_filter_options (id, filter_id, title, "order") VALUES ('01KJB9Q9YRH04T1H', '01KJB9Q9YRDRTAMY', '{"az":"Gündəlik təmizlik","en":"Regular cleaning","ru":"Регулярная уборка"}', 1);
INSERT INTO category_filter_options (id, filter_id, title, "order") VALUES ('01KJB9Q9YRBZAAHD', '01KJB9Q9YRDRTAMY', '{"az":"Pəncərə yuma","en":"Window cleaning","ru":"Мытьё окон"}', 2);
INSERT INTO category_filter_options (id, filter_id, title, "order") VALUES ('01KJB9Q9YRYJDDFT', '01KJB9Q9YRDRTAMY', '{"az":"Xalça yuma","en":"Carpet cleaning","ru":"Чистка ковров"}', 3);
INSERT INTO category_filter_options (id, filter_id, title, "order") VALUES ('01KJB9Q9YRMT1PRD', '01KJB9Q9YRDRTAMY', '{"az":"Ofis təmizliyi","en":"Office cleaning","ru":"Уборка офиса"}', 4);
INSERT INTO category_filter_options (id, filter_id, title, "order") VALUES ('01KJB9Q9YRHP8VXN', '01KJB9Q9YRDRTAMY', '{"az":"Sobasının Qazancısı","en":"Chimney/Sewer","ru":"Прочистка труб"}', 5);
INSERT INTO categories (id, title, is_active, parent_id, has_options, type) VALUES ('01KJB9Q9YRPTTCB5', '{"az":"Fotostudiya və Videoçəkiliş","en":"Photo & Video filming","ru":"Фото и Видеосъемка"}', true, '01KJB9Q9YQ4T79AY', true, 'normal');
INSERT INTO category_filters (id, category_id, title, type, "order") VALUES ('01KJB9Q9YR18B5YA', '01KJB9Q9YRPTTCB5', '{"az":"Növ","en":"Type","ru":"Тип"}', 'STATIC', 0);
INSERT INTO category_filter_options (id, filter_id, title, "order") VALUES ('01KJB9Q9YR6P76Z6', '01KJB9Q9YR18B5YA', '{"az":"Toy/Ad günü","en":"Wedding/Birthday","ru":"Свадьба/День рождения"}', 0);
INSERT INTO category_filter_options (id, filter_id, title, "order") VALUES ('01KJB9Q9YRZ99YMT', '01KJB9Q9YR18B5YA', '{"az":"Reklam/Korporativ","en":"Commercial/Corporate","ru":"Реклама/Корпоратив"}', 1);
INSERT INTO category_filter_options (id, filter_id, title, "order") VALUES ('01KJB9Q9YRQKXZAG', '01KJB9Q9YR18B5YA', '{"az":"Airbrush/Foto","en":"Portrait/Airstudio","ru":"Портрет/Студия"}', 2);
INSERT INTO category_filter_options (id, filter_id, title, "order") VALUES ('01KJB9Q9YRQ09CEC', '01KJB9Q9YR18B5YA', '{"az":"Drone/Hava çəkilişi","en":"Drone/Aerial","ru":"Дрон/Аэросъемка"}', 3);
INSERT INTO categories (id, title, is_active, parent_id, has_options, type) VALUES ('01KJB9Q9YRD4NSK8', '{"az":"Təhsil, Kurslar və Rəpətitorluq","en":"Education & Tutoring","ru":"Образование и курсы"}', true, '01KJB9Q9YQ4T79AY', true, 'normal');
INSERT INTO category_filters (id, category_id, title, type, "order") VALUES ('01KJB9Q9YRWDBMTZ', '01KJB9Q9YRD4NSK8', '{"az":"Sahə","en":"Subject","ru":"Предмет"}', 'STATIC', 0);
INSERT INTO category_filter_options (id, filter_id, title, "order") VALUES ('01KJB9Q9YR2SXM06', '01KJB9Q9YRWDBMTZ', '{"az":"Dil kursları","en":"Language courses","ru":"Языковые курсы"}', 0);
INSERT INTO category_filter_options (id, filter_id, title, "order") VALUES ('01KJB9Q9YR3PCZ8M', '01KJB9Q9YRWDBMTZ', '{"az":"Riyaziyyat/Fizika","en":"Math/Physics","ru":"Математика/Физика"}', 1);
INSERT INTO category_filter_options (id, filter_id, title, "order") VALUES ('01KJB9Q9YRHAEH4P', '01KJB9Q9YRWDBMTZ', '{"az":"IT/Proqramlaşdırma","en":"IT/Programming","ru":"IT/Программирование"}', 2);
INSERT INTO category_filter_options (id, filter_id, title, "order") VALUES ('01KJB9Q9YR422KQ6', '01KJB9Q9YRWDBMTZ', '{"az":"Məktəb fənləri","en":"School subjects","ru":"Школьные предметы"}', 3);
INSERT INTO category_filter_options (id, filter_id, title, "order") VALUES ('01KJB9Q9YR9A25EW', '01KJB9Q9YRWDBMTZ', '{"az":"Musiqi/Rəqs","en":"Music/Dance","ru":"Музыка/Танцы"}', 4);
INSERT INTO category_filter_options (id, filter_id, title, "order") VALUES ('01KJB9Q9YRP25AA5', '01KJB9Q9YRWDBMTZ', '{"az":"Marketinq/Biznes","en":"Marketing/Business","ru":"Маркетинг/Бизнес"}', 5);
INSERT INTO category_filters (id, category_id, title, type, "order") VALUES ('01KJB9Q9YRJ0Q9J6', '01KJB9Q9YRD4NSK8', '{"az":"Format","en":"Format","ru":"Формат"}', 'STATIC', 1);
INSERT INTO category_filter_options (id, filter_id, title, "order") VALUES ('01KJB9Q9YRZMWF1S', '01KJB9Q9YRJ0Q9J6', '{"az":"Onlayn","en":"Online","ru":"Онлайн"}', 0);
INSERT INTO category_filter_options (id, filter_id, title, "order") VALUES ('01KJB9Q9YRW2G7MH', '01KJB9Q9YRJ0Q9J6', '{"az":"Offline","en":"Offline","ru":"Оффлайн"}', 1);
INSERT INTO category_filter_options (id, filter_id, title, "order") VALUES ('01KJB9Q9YR7K2Q9S', '01KJB9Q9YRJ0Q9J6', '{"az":"Hər ikisi","en":"Both","ru":"Оба"}', 2);
INSERT INTO categories (id, title, is_active, parent_id, has_options, type) VALUES ('01KJB9Q9YR786EHM', '{"az":"Gözəllik və Sağlamlıq xidmətləri","en":"Beauty & Salon services","ru":"Услуги красоты"}', true, '01KJB9Q9YQ4T79AY', true, 'normal');
INSERT INTO category_filters (id, category_id, title, type, "order") VALUES ('01KJB9Q9YR027A8Q', '01KJB9Q9YR786EHM', '{"az":"Növ","en":"Service","ru":"Услуга"}', 'STATIC', 0);
INSERT INTO category_filter_options (id, filter_id, title, "order") VALUES ('01KJB9Q9YRXYBMQG', '01KJB9Q9YR027A8Q', '{"az":"Saç kəsimi/Rəngləmə","en":"Haircut/Coloring","ru":"Стрижка/Окрашивание"}', 0);
INSERT INTO category_filter_options (id, filter_id, title, "order") VALUES ('01KJB9Q9YR6NDFP0', '01KJB9Q9YR027A8Q', '{"az":"Manikür/Pedikür","en":"Manicure/Pedicure","ru":"Маникюр/Педикюр"}', 1);
INSERT INTO category_filter_options (id, filter_id, title, "order") VALUES ('01KJB9Q9YRKP1NP4', '01KJB9Q9YR027A8Q', '{"az":"Kirpik-Qaş","en":"Lash/Brow","ru":"Брови/Ресницы"}', 2);
INSERT INTO category_filter_options (id, filter_id, title, "order") VALUES ('01KJB9Q9YRKEQWE3', '01KJB9Q9YR027A8Q', '{"az":"Massaj","en":"Massage","ru":"Массаж"}', 3);
INSERT INTO category_filter_options (id, filter_id, title, "order") VALUES ('01KJB9Q9YR9NSYBD', '01KJB9Q9YR027A8Q', '{"az":"Kosmetologiya","en":"Cosmetology","ru":"Косметология"}', 4);
INSERT INTO category_filter_options (id, filter_id, title, "order") VALUES ('01KJB9Q9YRZMMRS2', '01KJB9Q9YR027A8Q', '{"az":"Makiyaj","en":"Makeup","ru":"Макияж"}', 5);
INSERT INTO categories (id, title, is_active, parent_id, has_options, type) VALUES ('01KJB9Q9YR81X2YJ', '{"az":"Ticarət və Hüquqi xidmətlər","en":"Business & Legal services","ru":"Юридические услуги"}', true, '01KJB9Q9YQ4T79AY', true, 'normal');
INSERT INTO category_filters (id, category_id, title, type, "order") VALUES ('01KJB9Q9YRXNCWKR', '01KJB9Q9YR81X2YJ', '{"az":"Növ","en":"Type","ru":"Тип"}', 'STATIC', 0);
INSERT INTO category_filter_options (id, filter_id, title, "order") VALUES ('01KJB9Q9YRWGPGSK', '01KJB9Q9YRXNCWKR', '{"az":"Hüquq məsləhəti","en":"Legal advice","ru":"Юридическая консультация"}', 0);
INSERT INTO category_filter_options (id, filter_id, title, "order") VALUES ('01KJB9Q9YRM96PQ9', '01KJB9Q9YRXNCWKR', '{"az":"Mühasibat","en":"Accounting","ru":"Бухгалтерия"}', 1);
INSERT INTO category_filter_options (id, filter_id, title, "order") VALUES ('01KJB9Q9YRCTXMST', '01KJB9Q9YRXNCWKR', '{"az":"Notariat","en":"Notary","ru":"Нотариус"}', 2);
INSERT INTO category_filter_options (id, filter_id, title, "order") VALUES ('01KJB9Q9YRM0TBQ2', '01KJB9Q9YRXNCWKR', '{"az":"Müqavilə hazırlanması","en":"Contract drafting","ru":"Составление договора"}', 3);
INSERT INTO category_filter_options (id, filter_id, title, "order") VALUES ('01KJB9Q9YR7G07WC', '01KJB9Q9YRXNCWKR', '{"az":"Biznes qeydiyyatı","en":"Business registration","ru":"Регистрация бизнеса"}', 4);
INSERT INTO categories (id, title, is_active, parent_id, has_options, type) VALUES ('01KJB9Q9YRGJXH8M', '{"az":"Təşkilati və Əyləncə xidmətləri","en":"Event organization","ru":"Организация мероприятий"}', true, '01KJB9Q9YQ4T79AY', true, 'normal');
INSERT INTO category_filters (id, category_id, title, type, "order") VALUES ('01KJB9Q9YRCEB9NF', '01KJB9Q9YRGJXH8M', '{"az":"Növ","en":"Type","ru":"Тип"}', 'STATIC', 0);
INSERT INTO category_filter_options (id, filter_id, title, "order") VALUES ('01KJB9Q9YRJASWR6', '01KJB9Q9YRCEB9NF', '{"az":"Toy/Ad günü","en":"Wedding/Birthday","ru":"Свадьба/День рождения"}', 0);
INSERT INTO category_filter_options (id, filter_id, title, "order") VALUES ('01KJB9Q9YSMZ8183', '01KJB9Q9YRCEB9NF', '{"az":"Korporativ","en":"Corporate event","ru":"Корпоратив"}', 1);
INSERT INTO category_filter_options (id, filter_id, title, "order") VALUES ('01KJB9Q9YS9XG9DS', '01KJB9Q9YRCEB9NF', '{"az":"Uşaq tədbirləri","en":"Kids party","ru":"Детские праздники"}', 2);
INSERT INTO category_filter_options (id, filter_id, title, "order") VALUES ('01KJB9Q9YSSV2TS2', '01KJB9Q9YRCEB9NF', '{"az":"Animatçı","en":"Animator","ru":"Аниматор"}', 3);
INSERT INTO category_filter_options (id, filter_id, title, "order") VALUES ('01KJB9Q9YSSJDQ7Y', '01KJB9Q9YRCEB9NF', '{"az":"Karaoke/DJ","en":"Karaoke/DJ","ru":"Karaoke/DJ"}', 4);

COMMIT;
