BEGIN;

-- ==========================================
-- Elektronika / Electronics / Электроника
-- ==========================================
INSERT INTO categories (id, title, is_active, parent_id, has_options, type) VALUES ('01KJB9Q9Y3WMNWJ7', '{"az":"Elektronika","en":"Electronics","ru":"Электроника"}', true, NULL, false, 'normal');
INSERT INTO category_filters (id, category_id, title, type, "order") VALUES ('01KJB9Q9Y3813MR9', '01KJB9Q9Y3WMNWJ7', '{"az":"Vəziyyəti","en":"Condition","ru":"Состояние"}', 'STATIC', 0);
INSERT INTO category_filter_options (id, filter_id, title, "order") VALUES ('01KJB9Q9Y3A6GKTM', '01KJB9Q9Y3813MR9', '{"az":"Yeni","en":"New","ru":"Новый"}', 0);
INSERT INTO category_filter_options (id, filter_id, title, "order") VALUES ('01KJB9Q9Y3E6HW4J', '01KJB9Q9Y3813MR9', '{"az":"İşlənmiş","en":"Used","ru":"Б/у"}', 1);
INSERT INTO category_filters (id, category_id, title, type, "order") VALUES ('01KJB9Q9Y36P5EWG', '01KJB9Q9Y3WMNWJ7', '{"az":"Çatdırılma","en":"Delivery","ru":"Доставка"}', 'STATIC', 1);
INSERT INTO category_filter_options (id, filter_id, title, "order") VALUES ('01KJB9Q9Y3JMWKAE', '01KJB9Q9Y36P5EWG', '{"az":"Pulsuz","en":"Free","ru":"Бесплатно"}', 0);
INSERT INTO category_filter_options (id, filter_id, title, "order") VALUES ('01KJB9Q9Y3DW3VJX', '01KJB9Q9Y36P5EWG', '{"az":"Ödənişli","en":"Paid","ru":"Платно"}', 1);
INSERT INTO category_filter_options (id, filter_id, title, "order") VALUES ('01KJB9Q9Y3M0Z3R7', '01KJB9Q9Y36P5EWG', '{"az":"Yoxdur","en":"No","ru":"Нет"}', 2);
INSERT INTO category_filters (id, category_id, title, type, "order") VALUES ('01KJB9Q9Y3YWWNDG', '01KJB9Q9Y3WMNWJ7', '{"az":"Zəmanət","en":"Guarantee","ru":"Гарантия"}', 'STATIC', 2);
INSERT INTO category_filter_options (id, filter_id, title, "order") VALUES ('01KJB9Q9Y3QPF6JQ', '01KJB9Q9Y3YWWNDG', '{"az":"Var","en":"Yes","ru":"Есть"}', 0);
INSERT INTO category_filter_options (id, filter_id, title, "order") VALUES ('01KJB9Q9Y3KS6FVZ', '01KJB9Q9Y3YWWNDG', '{"az":"Yoxdur","en":"No","ru":"Нет"}', 1);
INSERT INTO categories (id, title, is_active, parent_id, has_options, type) VALUES ('01KJB9Q9Y3JXGFRS', '{"az":"Mobil telefonlar","en":"Mobile phones","ru":"Мобильные телефоны"}', true, '01KJB9Q9Y3WMNWJ7', true, 'normal');
INSERT INTO category_filters (id, category_id, title, type, "order") VALUES ('01KJB9Q9Y3GN2SC2', '01KJB9Q9Y3JXGFRS', '{"az":"Marka","en":"Brand","ru":"Марка"}', 'STATIC', 0);
INSERT INTO category_filter_options (id, filter_id, title, "order") VALUES ('01KJB9Q9Y3WQM6P3', '01KJB9Q9Y3GN2SC2', '{"az":"Apple","en":"Apple","ru":"Apple"}', 0);
INSERT INTO category_filter_options (id, filter_id, title, "order") VALUES ('01KJB9Q9Y3XH7JFR', '01KJB9Q9Y3GN2SC2', '{"az":"Samsung","en":"Samsung","ru":"Samsung"}', 1);
INSERT INTO category_filter_options (id, filter_id, title, "order") VALUES ('01KJB9Q9Y3X6YGCP', '01KJB9Q9Y3GN2SC2', '{"az":"Xiaomi","en":"Xiaomi","ru":"Xiaomi"}', 2);
INSERT INTO category_filter_options (id, filter_id, title, "order") VALUES ('01KJB9Q9Y3JE8J06', '01KJB9Q9Y3GN2SC2', '{"az":"Honor","en":"Honor","ru":"Honor"}', 3);
INSERT INTO category_filter_options (id, filter_id, title, "order") VALUES ('01KJB9Q9Y38GZ9HN', '01KJB9Q9Y3GN2SC2', '{"az":"Huawei","en":"Huawei","ru":"Huawei"}', 4);
INSERT INTO category_filter_options (id, filter_id, title, "order") VALUES ('01KJB9Q9Y3K7A3A7', '01KJB9Q9Y3GN2SC2', '{"az":"Google","en":"Google","ru":"Google"}', 5);
INSERT INTO category_filter_options (id, filter_id, title, "order") VALUES ('01KJB9Q9Y3179TGQ', '01KJB9Q9Y3GN2SC2', '{"az":"OnePlus","en":"OnePlus","ru":"OnePlus"}', 6);
INSERT INTO category_filter_options (id, filter_id, title, "order") VALUES ('01KJB9Q9Y3DQWWV1', '01KJB9Q9Y3GN2SC2', '{"az":"Nokia","en":"Nokia","ru":"Nokia"}', 7);
INSERT INTO category_filter_options (id, filter_id, title, "order") VALUES ('01KJB9Q9Y3VAFS3C', '01KJB9Q9Y3GN2SC2', '{"az":"Poco","en":"Poco","ru":"Poco"}', 8);
INSERT INTO category_filter_options (id, filter_id, title, "order") VALUES ('01KJB9Q9Y3ESQCJM', '01KJB9Q9Y3GN2SC2', '{"az":"Sony","en":"Sony","ru":"Sony"}', 9);
INSERT INTO category_filters (id, category_id, title, type, "order") VALUES ('01KJB9Q9Y3M3VFMD', '01KJB9Q9Y3JXGFRS', '{"az":"Yaddaş","en":"Storage","ru":"Память"}', 'STATIC', 1);
INSERT INTO category_filter_options (id, filter_id, title, "order") VALUES ('01KJB9Q9Y3YD8VP8', '01KJB9Q9Y3M3VFMD', '{"az":"16GB","en":"16GB","ru":"16GB"}', 0);
INSERT INTO category_filter_options (id, filter_id, title, "order") VALUES ('01KJB9Q9Y3MECD7T', '01KJB9Q9Y3M3VFMD', '{"az":"32GB","en":"32GB","ru":"32GB"}', 1);
INSERT INTO category_filter_options (id, filter_id, title, "order") VALUES ('01KJB9Q9Y3KSPQJM', '01KJB9Q9Y3M3VFMD', '{"az":"64GB","en":"64GB","ru":"64GB"}', 2);
INSERT INTO category_filter_options (id, filter_id, title, "order") VALUES ('01KJB9Q9Y36J8FB8', '01KJB9Q9Y3M3VFMD', '{"az":"128GB","en":"128GB","ru":"128GB"}', 3);
INSERT INTO category_filter_options (id, filter_id, title, "order") VALUES ('01KJB9Q9Y3W7W9CD', '01KJB9Q9Y3M3VFMD', '{"az":"256GB","en":"256GB","ru":"256GB"}', 4);
INSERT INTO category_filter_options (id, filter_id, title, "order") VALUES ('01KJB9Q9Y33KD7W4', '01KJB9Q9Y3M3VFMD', '{"az":"512GB","en":"512GB","ru":"512GB"}', 5);
INSERT INTO category_filter_options (id, filter_id, title, "order") VALUES ('01KJB9Q9Y3PM1Q9A', '01KJB9Q9Y3M3VFMD', '{"az":"1TB","en":"1TB","ru":"1TB"}', 6);
INSERT INTO category_filters (id, category_id, title, type, "order") VALUES ('01KJB9Q9Y3V1207G', '01KJB9Q9Y3JXGFRS', '{"az":"RAM","en":"RAM","ru":"ОЗУ"}', 'STATIC', 2);
INSERT INTO category_filter_options (id, filter_id, title, "order") VALUES ('01KJB9Q9Y39YYYP2', '01KJB9Q9Y3V1207G', '{"az":"2GB","en":"2GB","ru":"2GB"}', 0);
INSERT INTO category_filter_options (id, filter_id, title, "order") VALUES ('01KJB9Q9Y3CJB58P', '01KJB9Q9Y3V1207G', '{"az":"4GB","en":"4GB","ru":"4GB"}', 1);
INSERT INTO category_filter_options (id, filter_id, title, "order") VALUES ('01KJB9Q9Y3D5BJPZ', '01KJB9Q9Y3V1207G', '{"az":"6GB","en":"6GB","ru":"6GB"}', 2);
INSERT INTO category_filter_options (id, filter_id, title, "order") VALUES ('01KJB9Q9Y3G237BQ', '01KJB9Q9Y3V1207G', '{"az":"8GB","en":"8GB","ru":"8GB"}', 3);
INSERT INTO category_filter_options (id, filter_id, title, "order") VALUES ('01KJB9Q9Y37SADF9', '01KJB9Q9Y3V1207G', '{"az":"12GB","en":"12GB","ru":"12GB"}', 4);
INSERT INTO category_filter_options (id, filter_id, title, "order") VALUES ('01KJB9Q9Y3X4EGC8', '01KJB9Q9Y3V1207G', '{"az":"16GB","en":"16GB","ru":"16GB"}', 5);
INSERT INTO category_filter_options (id, filter_id, title, "order") VALUES ('01KJB9Q9Y3S5G0P2', '01KJB9Q9Y3V1207G', '{"az":"32GB","en":"32GB","ru":"32GB"}', 6);
INSERT INTO category_filters (id, category_id, title, type, "order") VALUES ('01KJB9Q9Y3DNT8G0', '01KJB9Q9Y3JXGFRS', '{"az":"Rəng","en":"Color","ru":"Цвет"}', 'STATIC', 3);
INSERT INTO category_filter_options (id, filter_id, title, "order") VALUES ('01KJB9Q9Y33XT8QW', '01KJB9Q9Y3DNT8G0', '{"az":"Qara","en":"Black","ru":"Черный"}', 0);
INSERT INTO category_filter_options (id, filter_id, title, "order") VALUES ('01KJB9Q9Y3WQ9FS8', '01KJB9Q9Y3DNT8G0', '{"az":"Ağ","en":"White","ru":"Белый"}', 1);
INSERT INTO category_filter_options (id, filter_id, title, "order") VALUES ('01KJB9Q9Y330FDT6', '01KJB9Q9Y3DNT8G0', '{"az":"Gümüşü","en":"Silver","ru":"Серебристый"}', 2);
INSERT INTO category_filter_options (id, filter_id, title, "order") VALUES ('01KJB9Q9Y3QVFEXV', '01KJB9Q9Y3DNT8G0', '{"az":"Boz","en":"Gray","ru":"Серый"}', 3);
INSERT INTO category_filter_options (id, filter_id, title, "order") VALUES ('01KJB9Q9Y3KXQA2M', '01KJB9Q9Y3DNT8G0', '{"az":"Qırmızı","en":"Red","ru":"Красный"}', 4);
INSERT INTO category_filter_options (id, filter_id, title, "order") VALUES ('01KJB9Q9Y3S7Z7WK', '01KJB9Q9Y3DNT8G0', '{"az":"Mavi","en":"Blue","ru":"Синий"}', 5);
INSERT INTO category_filter_options (id, filter_id, title, "order") VALUES ('01KJB9Q9Y37D53GM', '01KJB9Q9Y3DNT8G0', '{"az":"Qrafit","en":"Graphite","ru":"Графитовый"}', 6);
INSERT INTO category_filter_options (id, filter_id, title, "order") VALUES ('01KJB9Q9Y33DY2WJ', '01KJB9Q9Y3DNT8G0', '{"az":"Qızılı","en":"Gold","ru":"Золотой"}', 7);
INSERT INTO category_filter_options (id, filter_id, title, "order") VALUES ('01KJB9Q9Y3S2MW3X', '01KJB9Q9Y3DNT8G0', '{"az":"Bənövşəyi","en":"Purple","ru":"Фиолетовый"}', 8);
INSERT INTO category_filters (id, category_id, title, type, "order") VALUES ('01KJB9Q9Y3PTKMF0', '01KJB9Q9Y3JXGFRS', '{"az":"SIM kart sayı","en":"SIM cards","ru":"Количество SIM-карт"}', 'STATIC', 4);
INSERT INTO category_filter_options (id, filter_id, title, "order") VALUES ('01KJB9Q9Y39ZKC3B', '01KJB9Q9Y3PTKMF0', '{"az":"1","en":"1","ru":"1"}', 0);
INSERT INTO category_filter_options (id, filter_id, title, "order") VALUES ('01KJB9Q9Y3GNH4E5', '01KJB9Q9Y3PTKMF0', '{"az":"2","en":"2","ru":"2"}', 1);
INSERT INTO categories (id, title, is_active, parent_id, has_options, type) VALUES ('01KJB9Q9Y3J27P1J', '{"az":"Noutbuklar","en":"Laptops","ru":"Ноутбуки"}', true, '01KJB9Q9Y3WMNWJ7', true, 'normal');
INSERT INTO category_filters (id, category_id, title, type, "order") VALUES ('01KJB9Q9Y36P8NST', '01KJB9Q9Y3J27P1J', '{"az":"Marka","en":"Brand","ru":"Марка"}', 'STATIC', 0);
INSERT INTO category_filter_options (id, filter_id, title, "order") VALUES ('01KJB9Q9Y3CDH4AM', '01KJB9Q9Y36P8NST', '{"az":"Apple","en":"Apple","ru":"Apple"}', 0);
INSERT INTO category_filter_options (id, filter_id, title, "order") VALUES ('01KJB9Q9Y3MYP5FQ', '01KJB9Q9Y36P8NST', '{"az":"Asus","en":"Asus","ru":"Asus"}', 1);
INSERT INTO category_filter_options (id, filter_id, title, "order") VALUES ('01KJB9Q9Y331S5BN', '01KJB9Q9Y36P8NST', '{"az":"HP","en":"HP","ru":"HP"}', 2);
INSERT INTO category_filter_options (id, filter_id, title, "order") VALUES ('01KJB9Q9Y36JTB0C', '01KJB9Q9Y36P8NST', '{"az":"Lenovo","en":"Lenovo","ru":"Lenovo"}', 3);
INSERT INTO category_filter_options (id, filter_id, title, "order") VALUES ('01KJB9Q9Y3W74JM8', '01KJB9Q9Y36P8NST', '{"az":"Dell","en":"Dell","ru":"Dell"}', 4);
INSERT INTO category_filter_options (id, filter_id, title, "order") VALUES ('01KJB9Q9Y37AGA3N', '01KJB9Q9Y36P8NST', '{"az":"Acer","en":"Acer","ru":"Acer"}', 5);
INSERT INTO category_filter_options (id, filter_id, title, "order") VALUES ('01KJB9Q9Y3MQNJJQ', '01KJB9Q9Y36P8NST', '{"az":"MSI","en":"MSI","ru":"MSI"}', 6);
INSERT INTO category_filters (id, category_id, title, type, "order") VALUES ('01KJB9Q9Y3ET642Y', '01KJB9Q9Y3J27P1J', '{"az":"Prosessor","en":"CPU","ru":"Процессор"}', 'STATIC', 1);
INSERT INTO category_filter_options (id, filter_id, title, "order") VALUES ('01KJB9Q9Y4XY08B4', '01KJB9Q9Y3ET642Y', '{"az":"Intel Core i3","en":"Intel Core i3","ru":"Intel Core i3"}', 0);
INSERT INTO category_filter_options (id, filter_id, title, "order") VALUES ('01KJB9Q9Y4V7DDG3', '01KJB9Q9Y3ET642Y', '{"az":"Intel Core i5","en":"Intel Core i5","ru":"Intel Core i5"}', 1);
INSERT INTO category_filter_options (id, filter_id, title, "order") VALUES ('01KJB9Q9Y44XD0MB', '01KJB9Q9Y3ET642Y', '{"az":"Intel Core i7","en":"Intel Core i7","ru":"Intel Core i7"}', 2);
INSERT INTO category_filter_options (id, filter_id, title, "order") VALUES ('01KJB9Q9Y48E8G0C', '01KJB9Q9Y3ET642Y', '{"az":"Intel Core i9","en":"Intel Core i9","ru":"Intel Core i9"}', 3);
INSERT INTO category_filter_options (id, filter_id, title, "order") VALUES ('01KJB9Q9Y4KRF864', '01KJB9Q9Y3ET642Y', '{"az":"AMD Ryzen 3","en":"AMD Ryzen 3","ru":"AMD Ryzen 3"}', 4);
INSERT INTO category_filter_options (id, filter_id, title, "order") VALUES ('01KJB9Q9Y4NC21WF', '01KJB9Q9Y3ET642Y', '{"az":"AMD Ryzen 5","en":"AMD Ryzen 5","ru":"AMD Ryzen 5"}', 5);
INSERT INTO category_filter_options (id, filter_id, title, "order") VALUES ('01KJB9Q9Y4WMK0XH', '01KJB9Q9Y3ET642Y', '{"az":"AMD Ryzen 7","en":"AMD Ryzen 7","ru":"AMD Ryzen 7"}', 6);
INSERT INTO category_filter_options (id, filter_id, title, "order") VALUES ('01KJB9Q9Y4W3J8MP', '01KJB9Q9Y3ET642Y', '{"az":"Apple M1/M2","en":"Apple M1/M2","ru":"Apple M1/M2"}', 7);
INSERT INTO category_filter_options (id, filter_id, title, "order") VALUES ('01KJB9Q9Y4K7VMYQ', '01KJB9Q9Y3ET642Y', '{"az":"Apple M3/M4","en":"Apple M3/M4","ru":"Apple M3/M4"}', 8);
INSERT INTO category_filters (id, category_id, title, type, "order") VALUES ('01KJB9Q9Y4626D80', '01KJB9Q9Y3J27P1J', '{"az":"RAM","en":"RAM","ru":"ОЗУ"}', 'STATIC', 2);
INSERT INTO category_filter_options (id, filter_id, title, "order") VALUES ('01KJB9Q9Y4GCH47M', '01KJB9Q9Y4626D80', '{"az":"8GB","en":"8GB","ru":"8ГБ"}', 0);
INSERT INTO category_filter_options (id, filter_id, title, "order") VALUES ('01KJB9Q9Y4P7AMKF', '01KJB9Q9Y4626D80', '{"az":"16GB","en":"16GB","ru":"16ГБ"}', 1);
INSERT INTO category_filter_options (id, filter_id, title, "order") VALUES ('01KJB9Q9Y4K378NK', '01KJB9Q9Y4626D80', '{"az":"24GB","en":"24GB","ru":"24ГБ"}', 2);
INSERT INTO category_filter_options (id, filter_id, title, "order") VALUES ('01KJB9Q9Y42G8RX6', '01KJB9Q9Y4626D80', '{"az":"32GB","en":"32GB","ru":"32ГБ"}', 3);
INSERT INTO category_filter_options (id, filter_id, title, "order") VALUES ('01KJB9Q9Y4GZVEHP', '01KJB9Q9Y4626D80', '{"az":"64GB+","en":"64GB+","ru":"64ГБ+"}', 4);
INSERT INTO category_filters (id, category_id, title, type, "order") VALUES ('01KJB9Q9Y4TFSK61', '01KJB9Q9Y3J27P1J', '{"az":"Yaddaş","en":"Storage","ru":"Память"}', 'STATIC', 3);
INSERT INTO category_filter_options (id, filter_id, title, "order") VALUES ('01KJB9Q9Y4AAMED2', '01KJB9Q9Y4TFSK61', '{"az":"256GB","en":"256GB","ru":"256ГБ"}', 0);
INSERT INTO category_filter_options (id, filter_id, title, "order") VALUES ('01KJB9Q9Y4SB9ZK2', '01KJB9Q9Y4TFSK61', '{"az":"512GB","en":"512GB","ru":"512ГБ"}', 1);
INSERT INTO category_filter_options (id, filter_id, title, "order") VALUES ('01KJB9Q9Y48XTG8B', '01KJB9Q9Y4TFSK61', '{"az":"1TB","en":"1TB","ru":"1ТБ"}', 2);
INSERT INTO category_filter_options (id, filter_id, title, "order") VALUES ('01KJB9Q9Y4R00E64', '01KJB9Q9Y4TFSK61', '{"az":"2TB","en":"2TB","ru":"2ТБ"}', 3);
INSERT INTO category_filter_options (id, filter_id, title, "order") VALUES ('01KJB9Q9Y44WERN7', '01KJB9Q9Y4TFSK61', '{"az":"4TB+","en":"4TB+","ru":"4ТБ+"}', 4);
INSERT INTO category_filters (id, category_id, title, type, "order") VALUES ('01KJB9Q9Y4P5104P', '01KJB9Q9Y3J27P1J', '{"az":"Ekran ölçüsü","en":"Screen size","ru":"Диагональ экрана"}', 'STATIC', 4);
INSERT INTO category_filter_options (id, filter_id, title, "order") VALUES ('01KJB9Q9Y4T81KG2', '01KJB9Q9Y4P5104P', '{"az":"11\"","en":"11\"","ru":"11\""}', 0);
INSERT INTO category_filter_options (id, filter_id, title, "order") VALUES ('01KJB9Q9Y4XQAEZB', '01KJB9Q9Y4P5104P', '{"az":"12\"","en":"12\"","ru":"12\""}', 1);
INSERT INTO category_filter_options (id, filter_id, title, "order") VALUES ('01KJB9Q9Y4T8ZPJ0', '01KJB9Q9Y4P5104P', '{"az":"13\"","en":"13\"","ru":"13\""}', 2);
INSERT INTO category_filter_options (id, filter_id, title, "order") VALUES ('01KJB9Q9Y46Q1EVP', '01KJB9Q9Y4P5104P', '{"az":"14\"","en":"14\"","ru":"14\""}', 3);
INSERT INTO category_filter_options (id, filter_id, title, "order") VALUES ('01KJB9Q9Y4K03Y6V', '01KJB9Q9Y4P5104P', '{"az":"15\"","en":"15\"","ru":"15\""}', 4);
INSERT INTO category_filter_options (id, filter_id, title, "order") VALUES ('01KJB9Q9Y4CTT44V', '01KJB9Q9Y4P5104P', '{"az":"16\"","en":"16\"","ru":"16\""}', 5);
INSERT INTO category_filter_options (id, filter_id, title, "order") VALUES ('01KJB9Q9Y4K5BKCF', '01KJB9Q9Y4P5104P', '{"az":"17\"","en":"17\"","ru":"17\""}', 6);
INSERT INTO categories (id, title, is_active, parent_id, has_options, type) VALUES ('01KJB9Q9Y458367Q', '{"az":"Məişət texnikası","en":"Home appliances","ru":"Бытовая техника"}', true, '01KJB9Q9Y3WMNWJ7', true, 'normal');
INSERT INTO category_filters (id, category_id, title, type, "order") VALUES ('01KJB9Q9Y4GYVRJQ', '01KJB9Q9Y458367Q', '{"az":"Növ","en":"Type","ru":"Тип"}', 'STATIC', 0);
INSERT INTO category_filter_options (id, filter_id, title, "order") VALUES ('01KJB9Q9Y4A6N1D7', '01KJB9Q9Y4GYVRJQ', '{"az":"Soyuducular","en":"Refrigerators","ru":"Холодильники"}', 0);
INSERT INTO category_filter_options (id, filter_id, title, "order") VALUES ('01KJB9Q9Y42NWS1W', '01KJB9Q9Y4GYVRJQ', '{"az":"Paltaryuyanlar","en":"Washing machines","ru":"Стиральные машины"}', 1);
INSERT INTO category_filter_options (id, filter_id, title, "order") VALUES ('01KJB9Q9Y46ZJP2S', '01KJB9Q9Y4GYVRJQ', '{"az":"Sobalar və qaz peçləri","en":"Ovens","ru":"Печи и духовки"}', 2);
INSERT INTO category_filter_options (id, filter_id, title, "order") VALUES ('01KJB9Q9Y4F28YCN', '01KJB9Q9Y4GYVRJQ', '{"az":"Qabyuyanlar","en":"Dishwashers","ru":"Посудомоечные машины"}', 3);
INSERT INTO category_filter_options (id, filter_id, title, "order") VALUES ('01KJB9Q9Y4G5M241', '01KJB9Q9Y4GYVRJQ', '{"az":"Tozsoranlar","en":"Vacuum cleaners","ru":"Пылесосы"}', 4);
INSERT INTO category_filter_options (id, filter_id, title, "order") VALUES ('01KJB9Q9Y45SFCC5', '01KJB9Q9Y4GYVRJQ', '{"az":"Mikrodalğalı fırınlar","en":"Microwaves","ru":"Микроволновки"}', 5);
INSERT INTO categories (id, title, is_active, parent_id, has_options, type) VALUES ('01KJB9Q9Y4SSA52G', '{"az":"İqlim texnikası","en":"Climate control","ru":"Климатическое оборудование"}', true, '01KJB9Q9Y3WMNWJ7', true, 'normal');
INSERT INTO category_filters (id, category_id, title, type, "order") VALUES ('01KJB9Q9Y4QM4QEK', '01KJB9Q9Y4SSA52G', '{"az":"Növ","en":"Type","ru":"Тип"}', 'STATIC', 0);
INSERT INTO category_filter_options (id, filter_id, title, "order") VALUES ('01KJB9Q9Y4VD93RP', '01KJB9Q9Y4QM4QEK', '{"az":"Kondisionerlər","en":"Air conditioners","ru":"Кондиционеры"}', 0);
INSERT INTO category_filter_options (id, filter_id, title, "order") VALUES ('01KJB9Q9Y4VW6G2M', '01KJB9Q9Y4QM4QEK', '{"az":"İsidicilər","en":"Heaters","ru":"Обогреватели"}', 1);
INSERT INTO category_filter_options (id, filter_id, title, "order") VALUES ('01KJB9Q9Y48PQY3Y', '01KJB9Q9Y4QM4QEK', '{"az":"Kombilər","en":"Combi boilers","ru":"Комби"}', 2);
INSERT INTO category_filter_options (id, filter_id, title, "order") VALUES ('01KJB9Q9Y4W21KSN', '01KJB9Q9Y4QM4QEK', '{"az":"Ventilyatorlar","en":"Fans","ru":"Вентиляторы"}', 3);
INSERT INTO categories (id, title, is_active, parent_id, has_options, type) VALUES ('01KJB9Q9Y4JRSBM4', '{"az":"TV, Video və Audio","en":"TV, Video & Audio","ru":"ТВ, Видео и Аудио"}', true, '01KJB9Q9Y3WMNWJ7', true, 'normal');
INSERT INTO category_filters (id, category_id, title, type, "order") VALUES ('01KJB9Q9Y4SJ0NZW', '01KJB9Q9Y4JRSBM4', '{"az":"Növ","en":"Type","ru":"Тип"}', 'STATIC', 0);
INSERT INTO category_filter_options (id, filter_id, title, "order") VALUES ('01KJB9Q9Y48Y50AW', '01KJB9Q9Y4SJ0NZW', '{"az":"Televizorlar","en":"Televisions","ru":"Телевизоры"}', 0);
INSERT INTO category_filter_options (id, filter_id, title, "order") VALUES ('01KJB9Q9Y4ZNXJCZ', '01KJB9Q9Y4SJ0NZW', '{"az":"Proyektorlar","en":"Projectors","ru":"Проекторы"}', 1);
INSERT INTO category_filter_options (id, filter_id, title, "order") VALUES ('01KJB9Q9Y4V7YRTA', '01KJB9Q9Y4SJ0NZW', '{"az":"Ev sineması","en":"Home cinema","ru":"Домашние кинотеатры"}', 2);
INSERT INTO category_filter_options (id, filter_id, title, "order") VALUES ('01KJB9Q9Y4S6AR76', '01KJB9Q9Y4SJ0NZW', '{"az":"Dinamiklər","en":"Speakers","ru":"Акустика"}', 3);
INSERT INTO category_filter_options (id, filter_id, title, "order") VALUES ('01KJB9Q9Y4FW69V2', '01KJB9Q9Y4SJ0NZW', '{"az":"Qulaqlıqlar","en":"Headphones","ru":"Наушники"}', 4);
INSERT INTO categories (id, title, is_active, parent_id, has_options, type) VALUES ('01KJB9Q9Y4CSA1QZ', '{"az":"Kompüter və ehtiyat hissələri","en":"Computers & components","ru":"Компьютеры и комплектующие"}', true, '01KJB9Q9Y3WMNWJ7', true, 'normal');
INSERT INTO category_filters (id, category_id, title, type, "order") VALUES ('01KJB9Q9Y42N6V7W', '01KJB9Q9Y4CSA1QZ', '{"az":"Növ","en":"Type","ru":"Тип"}', 'STATIC', 0);
INSERT INTO category_filter_options (id, filter_id, title, "order") VALUES ('01KJB9Q9Y4T61BPP', '01KJB9Q9Y42N6V7W', '{"az":"Masaüstü kompüterlər","en":"Destkops","ru":"Настольные ПК"}', 0);
INSERT INTO category_filter_options (id, filter_id, title, "order") VALUES ('01KJB9Q9Y4ABFPVZ', '01KJB9Q9Y42N6V7W', '{"az":"Monitorlar","en":"Monitors","ru":"Мониторы"}', 1);
INSERT INTO category_filter_options (id, filter_id, title, "order") VALUES ('01KJB9Q9Y4Y11SA2', '01KJB9Q9Y42N6V7W', '{"az":"Ana platalar","en":"Motherboards","ru":"Материнские платы"}', 2);
INSERT INTO category_filter_options (id, filter_id, title, "order") VALUES ('01KJB9Q9Y4G8W2XT', '01KJB9Q9Y42N6V7W', '{"az":"Prosessorlar","en":"CPUs","ru":"Процессоры"}', 3);
INSERT INTO category_filter_options (id, filter_id, title, "order") VALUES ('01KJB9Q9Y47VX93F', '01KJB9Q9Y42N6V7W', '{"az":"Videokartlar","en":"GPUs","ru":"Видеокарты"}', 4);
INSERT INTO category_filter_options (id, filter_id, title, "order") VALUES ('01KJB9Q9Y4A0DZWA', '01KJB9Q9Y42N6V7W', '{"az":"RAM yaddaş","en":"RAM","ru":"Оперативная память"}', 5);
INSERT INTO categories (id, title, is_active, parent_id, has_options, type) VALUES ('01KJB9Q9Y4K46KKG', '{"az":"Oyun aparatları və konsollar","en":"Game consoles","ru":"Игровые приставки"}', true, '01KJB9Q9Y3WMNWJ7', true, 'normal');
INSERT INTO category_filters (id, category_id, title, type, "order") VALUES ('01KJB9Q9Y4Q8AGAT', '01KJB9Q9Y4K46KKG', '{"az":"Platforma","en":"Platform","ru":"Платформа"}', 'STATIC', 0);
INSERT INTO category_filter_options (id, filter_id, title, "order") VALUES ('01KJB9Q9Y4KM1739', '01KJB9Q9Y4Q8AGAT', '{"az":"PlayStation 5","en":"PlayStation 5","ru":"PlayStation 5"}', 0);
INSERT INTO category_filter_options (id, filter_id, title, "order") VALUES ('01KJB9Q9Y4961N1Y', '01KJB9Q9Y4Q8AGAT', '{"az":"PlayStation 4","en":"PlayStation 4","ru":"PlayStation 4"}', 1);
INSERT INTO category_filter_options (id, filter_id, title, "order") VALUES ('01KJB9Q9Y41ZE25Z', '01KJB9Q9Y4Q8AGAT', '{"az":"Xbox Series X/S","en":"Xbox Series X/S","ru":"Xbox Series X/S"}', 2);
INSERT INTO category_filter_options (id, filter_id, title, "order") VALUES ('01KJB9Q9Y4DTDJM3', '01KJB9Q9Y4Q8AGAT', '{"az":"Xbox One","en":"Xbox One","ru":"Xbox One"}', 3);
INSERT INTO category_filter_options (id, filter_id, title, "order") VALUES ('01KJB9Q9Y4YRSK37', '01KJB9Q9Y4Q8AGAT', '{"az":"Nintendo Switch","en":"Nintendo Switch","ru":"Nintendo Switch"}', 4);
INSERT INTO categories (id, title, is_active, parent_id, has_options, type) VALUES ('01KJB9Q9Y4CNTX2R', '{"az":"Smart saatlar və qolbaqlar","en":"Smartwatches & bands","ru":"Умные часы и браслеты"}', true, '01KJB9Q9Y3WMNWJ7', true, 'normal');
INSERT INTO category_filters (id, category_id, title, type, "order") VALUES ('01KJB9Q9Y4F5JKXD', '01KJB9Q9Y4CNTX2R', '{"az":"Marka","en":"Brand","ru":"Марка"}', 'STATIC', 0);
INSERT INTO category_filter_options (id, filter_id, title, "order") VALUES ('01KJB9Q9Y4V41Z5S', '01KJB9Q9Y4F5JKXD', '{"az":"Apple Watch","en":"Apple Watch","ru":"Apple Watch"}', 0);
INSERT INTO category_filter_options (id, filter_id, title, "order") VALUES ('01KJB9Q9Y4KWXC59', '01KJB9Q9Y4F5JKXD', '{"az":"Samsung Galaxy Watch","en":"Samsung Galaxy Watch","ru":"Samsung Galaxy Watch"}', 1);
INSERT INTO category_filter_options (id, filter_id, title, "order") VALUES ('01KJB9Q9Y4M029RH', '01KJB9Q9Y4F5JKXD', '{"az":"Xiaomi","en":"Xiaomi","ru":"Xiaomi"}', 2);
INSERT INTO category_filter_options (id, filter_id, title, "order") VALUES ('01KJB9Q9Y4K7YB1J', '01KJB9Q9Y4F5JKXD', '{"az":"Huawei","en":"Huawei","ru":"Huawei"}', 3);
INSERT INTO category_filter_options (id, filter_id, title, "order") VALUES ('01KJB9Q9Y4W8M13Y', '01KJB9Q9Y4F5JKXD', '{"az":"Garmin","en":"Garmin","ru":"Garmin"}', 4);
INSERT INTO category_filter_options (id, filter_id, title, "order") VALUES ('01KJB9Q9Y4BKQ2BF', '01KJB9Q9Y4F5JKXD', '{"az":"Digər","en":"Other","ru":"Другой"}', 5);
INSERT INTO categories (id, title, is_active, parent_id, has_options, type) VALUES ('01KJB9Q9Y4VTC6B3', '{"az":"Planşetlər","en":"Tablets","ru":"Планшеты"}', true, '01KJB9Q9Y3WMNWJ7', true, 'normal');
INSERT INTO category_filters (id, category_id, title, type, "order") VALUES ('01KJB9Q9Y42QBRCQ', '01KJB9Q9Y4VTC6B3', '{"az":"Marka","en":"Brand","ru":"Марка"}', 'STATIC', 0);
INSERT INTO category_filter_options (id, filter_id, title, "order") VALUES ('01KJB9Q9Y40NP6QJ', '01KJB9Q9Y42QBRCQ', '{"az":"Apple iPad","en":"Apple iPad","ru":"Apple iPad"}', 0);
INSERT INTO category_filter_options (id, filter_id, title, "order") VALUES ('01KJB9Q9Y4BY1BWQ', '01KJB9Q9Y42QBRCQ', '{"az":"Samsung Galaxy Tab","en":"Samsung Galaxy Tab","ru":"Samsung Galaxy Tab"}', 1);
INSERT INTO category_filter_options (id, filter_id, title, "order") VALUES ('01KJB9Q9Y4D3GJ6G', '01KJB9Q9Y42QBRCQ', '{"az":"Xiaomi Pad","en":"Xiaomi Pad","ru":"Xiaomi Pad"}', 2);
INSERT INTO category_filter_options (id, filter_id, title, "order") VALUES ('01KJB9Q9Y4H535DJ', '01KJB9Q9Y42QBRCQ', '{"az":"Lenovo","en":"Lenovo","ru":"Lenovo"}', 3);
INSERT INTO category_filter_options (id, filter_id, title, "order") VALUES ('01KJB9Q9Y4YX5JCG', '01KJB9Q9Y42QBRCQ', '{"az":"Huawei","en":"Huawei","ru":"Huawei"}', 4);

COMMIT;
