BEGIN;

-- ==========================================
-- Geyim və Aksesuarlar / Clothing & Accessories / Одежда и аксессуары
-- ==========================================
INSERT INTO categories (id, title, is_active, parent_id, has_options, type) VALUES ('01KJB9Q9Y8JAG5H3', '{"az":"Geyim və Aksesuarlar","en":"Clothing & Accessories","ru":"Одежда и аксессуары"}', true, NULL, false, 'normal');
INSERT INTO category_filters (id, category_id, title, type, "order") VALUES ('01KJB9Q9Y8TJNABW', '01KJB9Q9Y8JAG5H3', '{"az":"Vəziyyəti","en":"Condition","ru":"Состояние"}', 'STATIC', 0);
INSERT INTO category_filter_options (id, filter_id, title, "order") VALUES ('01KJB9Q9Y8T7MP6H', '01KJB9Q9Y8TJNABW', '{"az":"Yeni","en":"New","ru":"Новый"}', 0);
INSERT INTO category_filter_options (id, filter_id, title, "order") VALUES ('01KJB9Q9Y8V25KYF', '01KJB9Q9Y8TJNABW', '{"az":"İşlənmiş","en":"Used","ru":"Б/у"}', 1);
INSERT INTO category_filters (id, category_id, title, type, "order") VALUES ('01KJB9Q9Y847QVJD', '01KJB9Q9Y8JAG5H3', '{"az":"Çatdırılma","en":"Delivery","ru":"Доставка"}', 'STATIC', 1);
INSERT INTO category_filter_options (id, filter_id, title, "order") VALUES ('01KJB9Q9Y81ZGQN4', '01KJB9Q9Y847QVJD', '{"az":"Pulsuz","en":"Free","ru":"Бесплатно"}', 0);
INSERT INTO category_filter_options (id, filter_id, title, "order") VALUES ('01KJB9Q9Y80ZAAD8', '01KJB9Q9Y847QVJD', '{"az":"Ödənişli","en":"Paid","ru":"Платно"}', 1);
INSERT INTO category_filter_options (id, filter_id, title, "order") VALUES ('01KJB9Q9Y8FDW018', '01KJB9Q9Y847QVJD', '{"az":"Yoxdur","en":"No","ru":"Нет"}', 2);
INSERT INTO categories (id, title, is_active, parent_id, has_options, type) VALUES ('01KJB9Q9Y8JVSZB6', '{"az":"Qadın geyimləri","en":"Women''s clothing","ru":"Женская одежда"}', true, '01KJB9Q9Y8JAG5H3', true, 'normal');
INSERT INTO category_filters (id, category_id, title, type, "order") VALUES ('01KJB9Q9Y852F3TX', '01KJB9Q9Y8JVSZB6', '{"az":"Ölçü (Geyim)","en":"Size","ru":"Размер"}', 'STATIC', 0);
INSERT INTO category_filter_options (id, filter_id, title, "order") VALUES ('01KJB9Q9Y817WT2H', '01KJB9Q9Y852F3TX', '{"az":"XXS","en":"XXS","ru":"XXS"}', 0);
INSERT INTO category_filter_options (id, filter_id, title, "order") VALUES ('01KJB9Q9Y871ZQ6Z', '01KJB9Q9Y852F3TX', '{"az":"XS","en":"XS","ru":"XS"}', 1);
INSERT INTO category_filter_options (id, filter_id, title, "order") VALUES ('01KJB9Q9Y9E2NNGG', '01KJB9Q9Y852F3TX', '{"az":"S","en":"S","ru":"S"}', 2);
INSERT INTO category_filter_options (id, filter_id, title, "order") VALUES ('01KJB9Q9Y9DY4RGJ', '01KJB9Q9Y852F3TX', '{"az":"M","en":"M","ru":"M"}', 3);
INSERT INTO category_filter_options (id, filter_id, title, "order") VALUES ('01KJB9Q9Y96GE69T', '01KJB9Q9Y852F3TX', '{"az":"L","en":"L","ru":"L"}', 4);
INSERT INTO category_filter_options (id, filter_id, title, "order") VALUES ('01KJB9Q9Y9PQ1NP6', '01KJB9Q9Y852F3TX', '{"az":"XL","en":"XL","ru":"XL"}', 5);
INSERT INTO category_filter_options (id, filter_id, title, "order") VALUES ('01KJB9Q9Y9M9MCFV', '01KJB9Q9Y852F3TX', '{"az":"XXL","en":"XXL","ru":"XXL"}', 6);
INSERT INTO category_filter_options (id, filter_id, title, "order") VALUES ('01KJB9Q9Y9DTVSDH', '01KJB9Q9Y852F3TX', '{"az":"3XL","en":"3XL","ru":"3XL"}', 7);
INSERT INTO category_filter_options (id, filter_id, title, "order") VALUES ('01KJB9Q9Y95REYP7', '01KJB9Q9Y852F3TX', '{"az":"4XL+","en":"4XL+","ru":"4XL+"}', 8);
INSERT INTO category_filters (id, category_id, title, type, "order") VALUES ('01KJB9Q9Y98FXYPW', '01KJB9Q9Y8JVSZB6', '{"az":"Növ","en":"Type","ru":"Тип"}', 'STATIC', 1);
INSERT INTO category_filter_options (id, filter_id, title, "order") VALUES ('01KJB9Q9Y9P6ETNR', '01KJB9Q9Y98FXYPW', '{"az":"Don/Ətək","en":"Dress/Skirt","ru":"Платье/Юбка"}', 0);
INSERT INTO category_filter_options (id, filter_id, title, "order") VALUES ('01KJB9Q9Y9RAX5QF', '01KJB9Q9Y98FXYPW', '{"az":"Üst geyimi","en":"Outerwear","ru":"Верхняя одежда"}', 1);
INSERT INTO category_filter_options (id, filter_id, title, "order") VALUES ('01KJB9Q9Y9DTHFG2', '01KJB9Q9Y98FXYPW', '{"az":"Bluze/Köynək","en":"Blouse/Shirt","ru":"Блузка/Рубашка"}', 2);
INSERT INTO category_filter_options (id, filter_id, title, "order") VALUES ('01KJB9Q9Y944E4VC', '01KJB9Q9Y98FXYPW', '{"az":"Şalvar/Cins","en":"Pants/Jeans","ru":"Брюки/Джинсы"}', 3);
INSERT INTO category_filter_options (id, filter_id, title, "order") VALUES ('01KJB9Q9Y9FEYBZK', '01KJB9Q9Y98FXYPW', '{"az":"Kombinezon","en":"Jumpsuit","ru":"Комбинезон"}', 4);
INSERT INTO category_filter_options (id, filter_id, title, "order") VALUES ('01KJB9Q9Y9J1B8G8', '01KJB9Q9Y98FXYPW', '{"az":"İdman geyimi","en":"Sportswear","ru":"Спортивная одежда"}', 5);
INSERT INTO category_filter_options (id, filter_id, title, "order") VALUES ('01KJB9Q9Y9RQ06WS', '01KJB9Q9Y98FXYPW', '{"az":"Pijama/Gеcəlik","en":"Sleepwear","ru":"Пижама"}', 6);
INSERT INTO category_filters (id, category_id, title, type, "order") VALUES ('01KJB9Q9Y9A5WMWE', '01KJB9Q9Y8JVSZB6', '{"az":"Mövsüm","en":"Season","ru":"Сезон"}', 'STATIC', 2);
INSERT INTO category_filter_options (id, filter_id, title, "order") VALUES ('01KJB9Q9Y99VPFC8', '01KJB9Q9Y9A5WMWE', '{"az":"Yay","en":"Summer","ru":"Лето"}', 0);
INSERT INTO category_filter_options (id, filter_id, title, "order") VALUES ('01KJB9Q9Y9TJJP9P', '01KJB9Q9Y9A5WMWE', '{"az":"Qış","en":"Winter","ru":"Зима"}', 1);
INSERT INTO category_filter_options (id, filter_id, title, "order") VALUES ('01KJB9Q9Y93P796K', '01KJB9Q9Y9A5WMWE', '{"az":"Mövsümdən asılı olmayan","en":"All-season","ru":"Демисезон"}', 2);
INSERT INTO categories (id, title, is_active, parent_id, has_options, type) VALUES ('01KJB9Q9Y93BXPXD', '{"az":"Qadın ayaqqabıları","en":"Women''s shoes","ru":"Женская обувь"}', true, '01KJB9Q9Y8JAG5H3', true, 'normal');
INSERT INTO category_filters (id, category_id, title, type, "order") VALUES ('01KJB9Q9Y9PBV6ZE', '01KJB9Q9Y93BXPXD', '{"az":"Ölçü (Ayaqqabı)","en":"Shoe Size","ru":"Размер обуви"}', 'STATIC', 0);
INSERT INTO category_filter_options (id, filter_id, title, "order") VALUES ('01KJB9Q9Y9FF6TSF', '01KJB9Q9Y9PBV6ZE', '{"az":"35","en":"35","ru":"35"}', 0);
INSERT INTO category_filter_options (id, filter_id, title, "order") VALUES ('01KJB9Q9Y91X46YY', '01KJB9Q9Y9PBV6ZE', '{"az":"36","en":"36","ru":"36"}', 1);
INSERT INTO category_filter_options (id, filter_id, title, "order") VALUES ('01KJB9Q9Y9V7N57K', '01KJB9Q9Y9PBV6ZE', '{"az":"37","en":"37","ru":"37"}', 2);
INSERT INTO category_filter_options (id, filter_id, title, "order") VALUES ('01KJB9Q9Y931DKR4', '01KJB9Q9Y9PBV6ZE', '{"az":"38","en":"38","ru":"38"}', 3);
INSERT INTO category_filter_options (id, filter_id, title, "order") VALUES ('01KJB9Q9Y91KGF54', '01KJB9Q9Y9PBV6ZE', '{"az":"39","en":"39","ru":"39"}', 4);
INSERT INTO category_filter_options (id, filter_id, title, "order") VALUES ('01KJB9Q9Y91E2C9K', '01KJB9Q9Y9PBV6ZE', '{"az":"40","en":"40","ru":"40"}', 5);
INSERT INTO category_filter_options (id, filter_id, title, "order") VALUES ('01KJB9Q9Y9QAS54W', '01KJB9Q9Y9PBV6ZE', '{"az":"41","en":"41","ru":"41"}', 6);
INSERT INTO category_filter_options (id, filter_id, title, "order") VALUES ('01KJB9Q9Y9D6T65D', '01KJB9Q9Y9PBV6ZE', '{"az":"42","en":"42","ru":"42"}', 7);
INSERT INTO category_filter_options (id, filter_id, title, "order") VALUES ('01KJB9Q9Y9AWSBZN', '01KJB9Q9Y9PBV6ZE', '{"az":"43","en":"43","ru":"43"}', 8);
INSERT INTO category_filter_options (id, filter_id, title, "order") VALUES ('01KJB9Q9Y9P68REH', '01KJB9Q9Y9PBV6ZE', '{"az":"44","en":"44","ru":"44"}', 9);
INSERT INTO category_filter_options (id, filter_id, title, "order") VALUES ('01KJB9Q9Y9YVTXAS', '01KJB9Q9Y9PBV6ZE', '{"az":"45","en":"45","ru":"45"}', 10);
INSERT INTO category_filter_options (id, filter_id, title, "order") VALUES ('01KJB9Q9Y9VSR0KG', '01KJB9Q9Y9PBV6ZE', '{"az":"46+","en":"46+","ru":"46+"}', 11);
INSERT INTO category_filters (id, category_id, title, type, "order") VALUES ('01KJB9Q9Y9WPNPCX', '01KJB9Q9Y93BXPXD', '{"az":"Növ","en":"Type","ru":"Тип"}', 'STATIC', 1);
INSERT INTO category_filter_options (id, filter_id, title, "order") VALUES ('01KJB9Q9Y91914JV', '01KJB9Q9Y9WPNPCX', '{"az":"Tufli","en":"Heels","ru":"Туфли"}', 0);
INSERT INTO category_filter_options (id, filter_id, title, "order") VALUES ('01KJB9Q9Y9K3ZZB6', '01KJB9Q9Y9WPNPCX', '{"az":"Krossovka","en":"Sneakers","ru":"Кроссовки"}', 1);
INSERT INTO category_filter_options (id, filter_id, title, "order") VALUES ('01KJB9Q9Y9DP7VJR', '01KJB9Q9Y9WPNPCX', '{"az":"Çəkmə","en":"Boots","ru":"Сапоги/Ботинки"}', 2);
INSERT INTO category_filter_options (id, filter_id, title, "order") VALUES ('01KJB9Q9Y99F6SY3', '01KJB9Q9Y9WPNPCX', '{"az":"Sapoq","en":"Ankle boots","ru":"Полусапоги"}', 3);
INSERT INTO category_filter_options (id, filter_id, title, "order") VALUES ('01KJB9Q9Y99DMEHX', '01KJB9Q9Y9WPNPCX', '{"az":"Sandal","en":"Sandals","ru":"Сандалии"}', 4);
INSERT INTO category_filter_options (id, filter_id, title, "order") VALUES ('01KJB9Q9Y93XHREM', '01KJB9Q9Y9WPNPCX', '{"az":"Bosoножки","en":"Flip-flops","ru":"Шлёпки"}', 5);
INSERT INTO category_filters (id, category_id, title, type, "order") VALUES ('01KJB9Q9Y9MDZMZJ', '01KJB9Q9Y93BXPXD', '{"az":"Daban hündürlüyü","en":"Heel height","ru":"Высота каблука"}', 'STATIC', 2);
INSERT INTO category_filter_options (id, filter_id, title, "order") VALUES ('01KJB9Q9Y9W0T06G', '01KJB9Q9Y9MDZMZJ', '{"az":"Düz","en":"Flat","ru":"Плоский"}', 0);
INSERT INTO category_filter_options (id, filter_id, title, "order") VALUES ('01KJB9Q9Y98V37QS', '01KJB9Q9Y9MDZMZJ', '{"az":"Alçaq (1-4 sm)","en":"Low (1-4 cm)","ru":"Низкий"}', 1);
INSERT INTO category_filter_options (id, filter_id, title, "order") VALUES ('01KJB9Q9Y9MCE7J1', '01KJB9Q9Y9MDZMZJ', '{"az":"Orta (5-7 sm)","en":"Mid (5-7 cm)","ru":"Средний"}', 2);
INSERT INTO category_filter_options (id, filter_id, title, "order") VALUES ('01KJB9Q9Y9YNRRQN', '01KJB9Q9Y9MDZMZJ', '{"az":"Hündür (8+ sm)","en":"High (8+ cm)","ru":"Высокий"}', 3);
INSERT INTO categories (id, title, is_active, parent_id, has_options, type) VALUES ('01KJB9Q9Y933X6D1', '{"az":"Kişi geyimləri","en":"Men''s clothing","ru":"Мужская одежда"}', true, '01KJB9Q9Y8JAG5H3', true, 'normal');
INSERT INTO category_filters (id, category_id, title, type, "order") VALUES ('01KJB9Q9Y9ABF4R2', '01KJB9Q9Y933X6D1', '{"az":"Ölçü (Geyim)","en":"Size","ru":"Размер"}', 'STATIC', 0);
INSERT INTO category_filter_options (id, filter_id, title, "order") VALUES ('01KJB9Q9Y9AEJ3WT', '01KJB9Q9Y9ABF4R2', '{"az":"XXS","en":"XXS","ru":"XXS"}', 0);
INSERT INTO category_filter_options (id, filter_id, title, "order") VALUES ('01KJB9Q9Y96JJD7N', '01KJB9Q9Y9ABF4R2', '{"az":"XS","en":"XS","ru":"XS"}', 1);
INSERT INTO category_filter_options (id, filter_id, title, "order") VALUES ('01KJB9Q9Y97EV162', '01KJB9Q9Y9ABF4R2', '{"az":"S","en":"S","ru":"S"}', 2);
INSERT INTO category_filter_options (id, filter_id, title, "order") VALUES ('01KJB9Q9Y95V1TH6', '01KJB9Q9Y9ABF4R2', '{"az":"M","en":"M","ru":"M"}', 3);
INSERT INTO category_filter_options (id, filter_id, title, "order") VALUES ('01KJB9Q9Y9YYPHN6', '01KJB9Q9Y9ABF4R2', '{"az":"L","en":"L","ru":"L"}', 4);
INSERT INTO category_filter_options (id, filter_id, title, "order") VALUES ('01KJB9Q9Y9MV12AM', '01KJB9Q9Y9ABF4R2', '{"az":"XL","en":"XL","ru":"XL"}', 5);
INSERT INTO category_filter_options (id, filter_id, title, "order") VALUES ('01KJB9Q9Y9Z0GKAC', '01KJB9Q9Y9ABF4R2', '{"az":"XXL","en":"XXL","ru":"XXL"}', 6);
INSERT INTO category_filter_options (id, filter_id, title, "order") VALUES ('01KJB9Q9Y95KD4AT', '01KJB9Q9Y9ABF4R2', '{"az":"3XL","en":"3XL","ru":"3XL"}', 7);
INSERT INTO category_filter_options (id, filter_id, title, "order") VALUES ('01KJB9Q9Y9T6FBKE', '01KJB9Q9Y9ABF4R2', '{"az":"4XL+","en":"4XL+","ru":"4XL+"}', 8);
INSERT INTO category_filters (id, category_id, title, type, "order") VALUES ('01KJB9Q9Y9S0X0BC', '01KJB9Q9Y933X6D1', '{"az":"Növ","en":"Type","ru":"Тип"}', 'STATIC', 1);
INSERT INTO category_filter_options (id, filter_id, title, "order") VALUES ('01KJB9Q9Y962GNR3', '01KJB9Q9Y9S0X0BC', '{"az":"Köynək/T-shirt","en":"Shirt/T-shirt","ru":"Рубашка/Футболка"}', 0);
INSERT INTO category_filter_options (id, filter_id, title, "order") VALUES ('01KJB9Q9Y9JWR2RF', '01KJB9Q9Y9S0X0BC', '{"az":"Üst geyimi","en":"Outerwear","ru":"Верхняя одежда"}', 1);
INSERT INTO category_filter_options (id, filter_id, title, "order") VALUES ('01KJB9Q9Y9PCRQGT', '01KJB9Q9Y9S0X0BC', '{"az":"Şalvar/Cins","en":"Pants/Jeans","ru":"Брюки/Джинсы"}', 2);
INSERT INTO category_filter_options (id, filter_id, title, "order") VALUES ('01KJB9Q9Y9712WPQ', '01KJB9Q9Y9S0X0BC', '{"az":"Kostyum","en":"Suit","ru":"Костюм"}', 3);
INSERT INTO category_filter_options (id, filter_id, title, "order") VALUES ('01KJB9Q9Y977AWXK', '01KJB9Q9Y9S0X0BC', '{"az":"İdman geyimi","en":"Sportswear","ru":"Спортивная одежда"}', 4);
INSERT INTO category_filter_options (id, filter_id, title, "order") VALUES ('01KJB9Q9Y925S1RW', '01KJB9Q9Y9S0X0BC', '{"az":"Pijama","en":"Sleepwear","ru":"Пижама"}', 5);
INSERT INTO category_filters (id, category_id, title, type, "order") VALUES ('01KJB9Q9Y9CHZ43K', '01KJB9Q9Y933X6D1', '{"az":"Mövsüm","en":"Season","ru":"Сезон"}', 'STATIC', 2);
INSERT INTO category_filter_options (id, filter_id, title, "order") VALUES ('01KJB9Q9Y9HXE0SN', '01KJB9Q9Y9CHZ43K', '{"az":"Yay","en":"Summer","ru":"Лето"}', 0);
INSERT INTO category_filter_options (id, filter_id, title, "order") VALUES ('01KJB9Q9Y9SEHQXA', '01KJB9Q9Y9CHZ43K', '{"az":"Qış","en":"Winter","ru":"Зима"}', 1);
INSERT INTO category_filter_options (id, filter_id, title, "order") VALUES ('01KJB9Q9Y9MZR5E9', '01KJB9Q9Y9CHZ43K', '{"az":"Mövsümdən asılı olmayan","en":"All-season","ru":"Демисезон"}', 2);
INSERT INTO categories (id, title, is_active, parent_id, has_options, type) VALUES ('01KJB9Q9Y94WJRP0', '{"az":"Kişi ayaqqabıları","en":"Men''s shoes","ru":"Мужская обувь"}', true, '01KJB9Q9Y8JAG5H3', true, 'normal');
INSERT INTO category_filters (id, category_id, title, type, "order") VALUES ('01KJB9Q9Y9TXNGXH', '01KJB9Q9Y94WJRP0', '{"az":"Ölçü (Ayaqqabı)","en":"Shoe Size","ru":"Размер обуви"}', 'STATIC', 0);
INSERT INTO category_filter_options (id, filter_id, title, "order") VALUES ('01KJB9Q9Y9A5PTCT', '01KJB9Q9Y9TXNGXH', '{"az":"35","en":"35","ru":"35"}', 0);
INSERT INTO category_filter_options (id, filter_id, title, "order") VALUES ('01KJB9Q9Y9GQ8N17', '01KJB9Q9Y9TXNGXH', '{"az":"36","en":"36","ru":"36"}', 1);
INSERT INTO category_filter_options (id, filter_id, title, "order") VALUES ('01KJB9Q9Y90N7HYZ', '01KJB9Q9Y9TXNGXH', '{"az":"37","en":"37","ru":"37"}', 2);
INSERT INTO category_filter_options (id, filter_id, title, "order") VALUES ('01KJB9Q9Y9HMM1VX', '01KJB9Q9Y9TXNGXH', '{"az":"38","en":"38","ru":"38"}', 3);
INSERT INTO category_filter_options (id, filter_id, title, "order") VALUES ('01KJB9Q9Y93N7XD8', '01KJB9Q9Y9TXNGXH', '{"az":"39","en":"39","ru":"39"}', 4);
INSERT INTO category_filter_options (id, filter_id, title, "order") VALUES ('01KJB9Q9Y9D8Z0Z8', '01KJB9Q9Y9TXNGXH', '{"az":"40","en":"40","ru":"40"}', 5);
INSERT INTO category_filter_options (id, filter_id, title, "order") VALUES ('01KJB9Q9Y9R0DB8V', '01KJB9Q9Y9TXNGXH', '{"az":"41","en":"41","ru":"41"}', 6);
INSERT INTO category_filter_options (id, filter_id, title, "order") VALUES ('01KJB9Q9Y9V056BS', '01KJB9Q9Y9TXNGXH', '{"az":"42","en":"42","ru":"42"}', 7);
INSERT INTO category_filter_options (id, filter_id, title, "order") VALUES ('01KJB9Q9Y9PSC88Y', '01KJB9Q9Y9TXNGXH', '{"az":"43","en":"43","ru":"43"}', 8);
INSERT INTO category_filter_options (id, filter_id, title, "order") VALUES ('01KJB9Q9Y94FPQPE', '01KJB9Q9Y9TXNGXH', '{"az":"44","en":"44","ru":"44"}', 9);
INSERT INTO category_filter_options (id, filter_id, title, "order") VALUES ('01KJB9Q9Y9CSDT46', '01KJB9Q9Y9TXNGXH', '{"az":"45","en":"45","ru":"45"}', 10);
INSERT INTO category_filter_options (id, filter_id, title, "order") VALUES ('01KJB9Q9Y9GMVPPS', '01KJB9Q9Y9TXNGXH', '{"az":"46+","en":"46+","ru":"46+"}', 11);
INSERT INTO category_filters (id, category_id, title, type, "order") VALUES ('01KJB9Q9Y9NPWTHH', '01KJB9Q9Y94WJRP0', '{"az":"Növ","en":"Type","ru":"Тип"}', 'STATIC', 1);
INSERT INTO category_filter_options (id, filter_id, title, "order") VALUES ('01KJB9Q9Y92CMQR6', '01KJB9Q9Y9NPWTHH', '{"az":"Klassik","en":"Classic","ru":"Классика"}', 0);
INSERT INTO category_filter_options (id, filter_id, title, "order") VALUES ('01KJB9Q9Y9V1SN7E', '01KJB9Q9Y9NPWTHH', '{"az":"Krossovka","en":"Sneakers","ru":"Кроссовки"}', 1);
INSERT INTO category_filter_options (id, filter_id, title, "order") VALUES ('01KJB9Q9Y9QQ33AF', '01KJB9Q9Y9NPWTHH', '{"az":"Çəkmə","en":"Boots","ru":"Ботинки"}', 2);
INSERT INTO category_filter_options (id, filter_id, title, "order") VALUES ('01KJB9Q9Y9RWMZ92', '01KJB9Q9Y9NPWTHH', '{"az":"Mokasin","en":"Loafers","ru":"Мокасины"}', 3);
INSERT INTO category_filter_options (id, filter_id, title, "order") VALUES ('01KJB9Q9Y94WQ5GC', '01KJB9Q9Y9NPWTHH', '{"az":"Sandal","en":"Sandals","ru":"Сандалии"}', 4);
INSERT INTO category_filters (id, category_id, title, type, "order") VALUES ('01KJB9Q9Y9Z551VC', '01KJB9Q9Y94WJRP0', '{"az":"Material","en":"Material","ru":"Материал"}', 'STATIC', 2);
INSERT INTO category_filter_options (id, filter_id, title, "order") VALUES ('01KJB9Q9Y96F7NPV', '01KJB9Q9Y9Z551VC', '{"az":"Dəri","en":"Leather","ru":"Кожа"}', 0);
INSERT INTO category_filter_options (id, filter_id, title, "order") VALUES ('01KJB9Q9Y9GMFD86', '01KJB9Q9Y9Z551VC', '{"az":"Süni dəri","en":"Faux leather","ru":"Искусственная кожа"}', 1);
INSERT INTO category_filter_options (id, filter_id, title, "order") VALUES ('01KJB9Q9Y9MW853Y', '01KJB9Q9Y9Z551VC', '{"az":"Tekstil","en":"Textile","ru":"Текстиль"}', 2);
INSERT INTO category_filter_options (id, filter_id, title, "order") VALUES ('01KJB9Q9Y97F8C6G', '01KJB9Q9Y9Z551VC', '{"az":"Zamş","en":"Suede","ru":"Замша"}', 3);
INSERT INTO categories (id, title, is_active, parent_id, has_options, type) VALUES ('01KJB9Q9Y99MDJG9', '{"az":"Gəlinliklər və toy aksesuarları","en":"Wedding dresses & accessories","ru":"Свадебные платья и аксессуары"}', true, '01KJB9Q9Y8JAG5H3', true, 'normal');
INSERT INTO category_filters (id, category_id, title, type, "order") VALUES ('01KJB9Q9Y91PE5JP', '01KJB9Q9Y99MDJG9', '{"az":"Ölçü (Geyim)","en":"Size","ru":"Размер"}', 'STATIC', 0);
INSERT INTO category_filter_options (id, filter_id, title, "order") VALUES ('01KJB9Q9Y978DBRC', '01KJB9Q9Y91PE5JP', '{"az":"XXS","en":"XXS","ru":"XXS"}', 0);
INSERT INTO category_filter_options (id, filter_id, title, "order") VALUES ('01KJB9Q9Y9GCHV6P', '01KJB9Q9Y91PE5JP', '{"az":"XS","en":"XS","ru":"XS"}', 1);
INSERT INTO category_filter_options (id, filter_id, title, "order") VALUES ('01KJB9Q9Y9AR6THF', '01KJB9Q9Y91PE5JP', '{"az":"S","en":"S","ru":"S"}', 2);
INSERT INTO category_filter_options (id, filter_id, title, "order") VALUES ('01KJB9Q9Y9DJHNA3', '01KJB9Q9Y91PE5JP', '{"az":"M","en":"M","ru":"M"}', 3);
INSERT INTO category_filter_options (id, filter_id, title, "order") VALUES ('01KJB9Q9Y9GTM401', '01KJB9Q9Y91PE5JP', '{"az":"L","en":"L","ru":"L"}', 4);
INSERT INTO category_filter_options (id, filter_id, title, "order") VALUES ('01KJB9Q9Y9PQRE53', '01KJB9Q9Y91PE5JP', '{"az":"XL","en":"XL","ru":"XL"}', 5);
INSERT INTO category_filter_options (id, filter_id, title, "order") VALUES ('01KJB9Q9Y98XM62V', '01KJB9Q9Y91PE5JP', '{"az":"XXL","en":"XXL","ru":"XXL"}', 6);
INSERT INTO category_filter_options (id, filter_id, title, "order") VALUES ('01KJB9Q9Y948YQWQ', '01KJB9Q9Y91PE5JP', '{"az":"3XL","en":"3XL","ru":"3XL"}', 7);
INSERT INTO category_filter_options (id, filter_id, title, "order") VALUES ('01KJB9Q9Y9RW55S2', '01KJB9Q9Y91PE5JP', '{"az":"4XL+","en":"4XL+","ru":"4XL+"}', 8);
INSERT INTO category_filters (id, category_id, title, type, "order") VALUES ('01KJB9Q9Y99DXJ65', '01KJB9Q9Y99MDJG9', '{"az":"Stil","en":"Style","ru":"Стиль"}', 'STATIC', 1);
INSERT INTO category_filter_options (id, filter_id, title, "order") VALUES ('01KJB9Q9Y9F44D18', '01KJB9Q9Y99DXJ65', '{"az":"Klassik","en":"Classic","ru":"Классический"}', 0);
INSERT INTO category_filter_options (id, filter_id, title, "order") VALUES ('01KJB9Q9Y98WQZK5', '01KJB9Q9Y99DXJ65', '{"az":"Şar ətəkli","en":"Ball gown","ru":"Пышное"}', 1);
INSERT INTO category_filter_options (id, filter_id, title, "order") VALUES ('01KJB9Q9Y9NDMFQ6', '01KJB9Q9Y99DXJ65', '{"az":"Balıq","en":"Mermaid","ru":"Рыбка"}', 2);
INSERT INTO category_filter_options (id, filter_id, title, "order") VALUES ('01KJB9Q9Y9D5CS02', '01KJB9Q9Y99DXJ65', '{"az":"A-silueт","en":"A-line","ru":"А-силует"}', 3);
INSERT INTO category_filter_options (id, filter_id, title, "order") VALUES ('01KJB9Q9Y9K3P5RE', '01KJB9Q9Y99DXJ65', '{"az":"Minimalist","en":"Minimalist","ru":"Минималистичный"}', 4);
INSERT INTO category_filters (id, category_id, title, type, "order") VALUES ('01KJB9Q9YASG02PS', '01KJB9Q9Y99MDJG9', '{"az":"Rəng","en":"Color","ru":"Цвет"}', 'STATIC', 2);
INSERT INTO category_filter_options (id, filter_id, title, "order") VALUES ('01KJB9Q9YAGRZBJF', '01KJB9Q9YASG02PS', '{"az":"Ağ","en":"White","ru":"Белый"}', 0);
INSERT INTO category_filter_options (id, filter_id, title, "order") VALUES ('01KJB9Q9YA8W6VJM', '01KJB9Q9YASG02PS', '{"az":"Krem","en":"Cream","ru":"Кремовый"}', 1);
INSERT INTO category_filter_options (id, filter_id, title, "order") VALUES ('01KJB9Q9YASC4ZJ9', '01KJB9Q9YASG02PS', '{"az":"Gümüşü","en":"Silver","ru":"Серебристый"}', 2);
INSERT INTO category_filter_options (id, filter_id, title, "order") VALUES ('01KJB9Q9YAK955TD', '01KJB9Q9YASG02PS', '{"az":"Qızılı","en":"Gold","ru":"Золотой"}', 3);
INSERT INTO category_filter_options (id, filter_id, title, "order") VALUES ('01KJB9Q9YAKJD771', '01KJB9Q9YASG02PS', '{"az":"Rəngli","en":"Colored","ru":"Цветное"}', 4);
INSERT INTO categories (id, title, is_active, parent_id, has_options, type) VALUES ('01KJB9Q9YAKK9R0Q', '{"az":"Çantalar və Baqaj","en":"Bags & Luggage","ru":"Сумки и багаж"}', true, '01KJB9Q9Y8JAG5H3', true, 'normal');
INSERT INTO category_filters (id, category_id, title, type, "order") VALUES ('01KJB9Q9YACK29E0', '01KJB9Q9YAKK9R0Q', '{"az":"Cins","en":"Gender","ru":"Пол"}', 'STATIC', 0);
INSERT INTO category_filter_options (id, filter_id, title, "order") VALUES ('01KJB9Q9YAJ1V69P', '01KJB9Q9YACK29E0', '{"az":"Kişi","en":"Men","ru":"Мужской"}', 0);
INSERT INTO category_filter_options (id, filter_id, title, "order") VALUES ('01KJB9Q9YA15WEF5', '01KJB9Q9YACK29E0', '{"az":"Qadın","en":"Women","ru":"Женский"}', 1);
INSERT INTO category_filter_options (id, filter_id, title, "order") VALUES ('01KJB9Q9YAQKFTN2', '01KJB9Q9YACK29E0', '{"az":"Uniseks","en":"Unisex","ru":"Унисекс"}', 2);
INSERT INTO category_filters (id, category_id, title, type, "order") VALUES ('01KJB9Q9YAKNP1JP', '01KJB9Q9YAKK9R0Q', '{"az":"Növ","en":"Type","ru":"Тип"}', 'STATIC', 1);
INSERT INTO category_filter_options (id, filter_id, title, "order") VALUES ('01KJB9Q9YABVWARS', '01KJB9Q9YAKNP1JP', '{"az":"Çamadan","en":"Suitcase","ru":"Чемодан"}', 0);
INSERT INTO category_filter_options (id, filter_id, title, "order") VALUES ('01KJB9Q9YAYFHRHC', '01KJB9Q9YAKNP1JP', '{"az":"Kürək çantası","en":"Backpack","ru":"Рюкзак"}', 1);
INSERT INTO category_filter_options (id, filter_id, title, "order") VALUES ('01KJB9Q9YAF19P22', '01KJB9Q9YAKNP1JP', '{"az":"Qadın çantası","en":"Handbag","ru":"Женская сумка"}', 2);
INSERT INTO category_filter_options (id, filter_id, title, "order") VALUES ('01KJB9Q9YA7PSQ7M', '01KJB9Q9YAKNP1JP', '{"az":"Portfel","en":"Briefcase","ru":"Портфель"}', 3);
INSERT INTO category_filter_options (id, filter_id, title, "order") VALUES ('01KJB9Q9YAE08TTJ', '01KJB9Q9YAKNP1JP', '{"az":"Kəmər çantası","en":"Belt bag","ru":"Поясная сумка"}', 4);
INSERT INTO category_filter_options (id, filter_id, title, "order") VALUES ('01KJB9Q9YAG5CE8D', '01KJB9Q9YAKNP1JP', '{"az":"Pul kisəsi","en":"Wallet","ru":"Кошелёк"}', 5);
INSERT INTO category_filter_options (id, filter_id, title, "order") VALUES ('01KJB9Q9YAF6CX3G', '01KJB9Q9YAKNP1JP', '{"az":"Alış çantası","en":"Tote","ru":"Шопер"}', 6);
INSERT INTO category_filters (id, category_id, title, type, "order") VALUES ('01KJB9Q9YAN2GD6A', '01KJB9Q9YAKK9R0Q', '{"az":"Material","en":"Material","ru":"Материал"}', 'STATIC', 2);
INSERT INTO category_filter_options (id, filter_id, title, "order") VALUES ('01KJB9Q9YAHEXDWC', '01KJB9Q9YAN2GD6A', '{"az":"Dəri","en":"Leather","ru":"Кожа"}', 0);
INSERT INTO category_filter_options (id, filter_id, title, "order") VALUES ('01KJB9Q9YA5S7QGA', '01KJB9Q9YAN2GD6A', '{"az":"Süni dəri","en":"Faux leather","ru":"Искусств. кожа"}', 1);
INSERT INTO category_filter_options (id, filter_id, title, "order") VALUES ('01KJB9Q9YAM9T1HG', '01KJB9Q9YAN2GD6A', '{"az":"Tekstil","en":"Textile","ru":"Ткань"}', 2);
INSERT INTO category_filter_options (id, filter_id, title, "order") VALUES ('01KJB9Q9YA5B4AZ6', '01KJB9Q9YAN2GD6A', '{"az":"Plastik","en":"Plastic","ru":"Пластик"}', 3);
INSERT INTO categories (id, title, is_active, parent_id, has_options, type) VALUES ('01KJB9Q9YAQA4Z6X', '{"az":"Saatlar","en":"Watches","ru":"Часы"}', true, '01KJB9Q9Y8JAG5H3', true, 'normal');
INSERT INTO category_filters (id, category_id, title, type, "order") VALUES ('01KJB9Q9YA5SNGXE', '01KJB9Q9YAQA4Z6X', '{"az":"Cins","en":"Gender","ru":"Пол"}', 'STATIC', 0);
INSERT INTO category_filter_options (id, filter_id, title, "order") VALUES ('01KJB9Q9YA93Z6P8', '01KJB9Q9YA5SNGXE', '{"az":"Kişi","en":"Men","ru":"Мужской"}', 0);
INSERT INTO category_filter_options (id, filter_id, title, "order") VALUES ('01KJB9Q9YAVTQKME', '01KJB9Q9YA5SNGXE', '{"az":"Qadın","en":"Women","ru":"Женский"}', 1);
INSERT INTO category_filter_options (id, filter_id, title, "order") VALUES ('01KJB9Q9YAERMJ01', '01KJB9Q9YA5SNGXE', '{"az":"Uniseks","en":"Unisex","ru":"Унисекс"}', 2);
INSERT INTO category_filters (id, category_id, title, type, "order") VALUES ('01KJB9Q9YAG37XK1', '01KJB9Q9YAQA4Z6X', '{"az":"Mexanizm","en":"Movement","ru":"Механизм"}', 'STATIC', 1);
INSERT INTO category_filter_options (id, filter_id, title, "order") VALUES ('01KJB9Q9YA94RKJ7', '01KJB9Q9YAG37XK1', '{"az":"Kvars","en":"Quartz","ru":"Кварцевые"}', 0);
INSERT INTO category_filter_options (id, filter_id, title, "order") VALUES ('01KJB9Q9YAW8XJ9D', '01KJB9Q9YAG37XK1', '{"az":"Mexaniki","en":"Mechanical","ru":"Механические"}', 1);
INSERT INTO category_filter_options (id, filter_id, title, "order") VALUES ('01KJB9Q9YA0PPT9P', '01KJB9Q9YAG37XK1', '{"az":"Avtomatik","en":"Automatic","ru":"Автоматические"}', 2);
INSERT INTO category_filters (id, category_id, title, type, "order") VALUES ('01KJB9Q9YAESFDR6', '01KJB9Q9YAQA4Z6X', '{"az":"Marka","en":"Brand","ru":"Марка"}', 'STATIC', 2);
INSERT INTO category_filter_options (id, filter_id, title, "order") VALUES ('01KJB9Q9YAMR1PM6', '01KJB9Q9YAESFDR6', '{"az":"Casio","en":"Casio","ru":"Casio"}', 0);
INSERT INTO category_filter_options (id, filter_id, title, "order") VALUES ('01KJB9Q9YAPZKWFD', '01KJB9Q9YAESFDR6', '{"az":"Seiko","en":"Seiko","ru":"Seiko"}', 1);
INSERT INTO category_filter_options (id, filter_id, title, "order") VALUES ('01KJB9Q9YAR2CN17', '01KJB9Q9YAESFDR6', '{"az":"Tissot","en":"Tissot","ru":"Tissot"}', 2);
INSERT INTO category_filter_options (id, filter_id, title, "order") VALUES ('01KJB9Q9YA2WZXY8', '01KJB9Q9YAESFDR6', '{"az":"Citizen","en":"Citizen","ru":"Citizen"}', 3);
INSERT INTO category_filter_options (id, filter_id, title, "order") VALUES ('01KJB9Q9YAF0ZYP9', '01KJB9Q9YAESFDR6', '{"az":"Rolex","en":"Rolex","ru":"Rolex"}', 4);
INSERT INTO category_filter_options (id, filter_id, title, "order") VALUES ('01KJB9Q9YAABH6J4', '01KJB9Q9YAESFDR6', '{"az":"Omega","en":"Omega","ru":"Omega"}', 5);
INSERT INTO category_filter_options (id, filter_id, title, "order") VALUES ('01KJB9Q9YAGJV6KQ', '01KJB9Q9YAESFDR6', '{"az":"Orient","en":"Orient","ru":"Orient"}', 6);
INSERT INTO category_filter_options (id, filter_id, title, "order") VALUES ('01KJB9Q9YADF0T2T', '01KJB9Q9YAESFDR6', '{"az":"Digər","en":"Other","ru":"Другой"}', 7);
INSERT INTO categories (id, title, is_active, parent_id, has_options, type) VALUES ('01KJB9Q9YAE0DK9R', '{"az":"Zərgərlik məmulatları","en":"Jewelry","ru":"Ювелирные изделия"}', true, '01KJB9Q9Y8JAG5H3', true, 'normal');
INSERT INTO category_filters (id, category_id, title, type, "order") VALUES ('01KJB9Q9YAJ3RP0E', '01KJB9Q9YAE0DK9R', '{"az":"Cins","en":"Gender","ru":"Пол"}', 'STATIC', 0);
INSERT INTO category_filter_options (id, filter_id, title, "order") VALUES ('01KJB9Q9YAPCPFHJ', '01KJB9Q9YAJ3RP0E', '{"az":"Kişi","en":"Men","ru":"Мужской"}', 0);
INSERT INTO category_filter_options (id, filter_id, title, "order") VALUES ('01KJB9Q9YAX3B3C2', '01KJB9Q9YAJ3RP0E', '{"az":"Qadın","en":"Women","ru":"Женский"}', 1);
INSERT INTO category_filter_options (id, filter_id, title, "order") VALUES ('01KJB9Q9YADDKA3N', '01KJB9Q9YAJ3RP0E', '{"az":"Uniseks","en":"Unisex","ru":"Унисекс"}', 2);
INSERT INTO category_filters (id, category_id, title, type, "order") VALUES ('01KJB9Q9YAFR7N26', '01KJB9Q9YAE0DK9R', '{"az":"Növ","en":"Type","ru":"Тип"}', 'STATIC', 1);
INSERT INTO category_filter_options (id, filter_id, title, "order") VALUES ('01KJB9Q9YASSR1PG', '01KJB9Q9YAFR7N26', '{"az":"Üzük","en":"Ring","ru":"Кольцо"}', 0);
INSERT INTO category_filter_options (id, filter_id, title, "order") VALUES ('01KJB9Q9YA3ZCMPQ', '01KJB9Q9YAFR7N26', '{"az":"Sırğa","en":"Earrings","ru":"Серьги"}', 1);
INSERT INTO category_filter_options (id, filter_id, title, "order") VALUES ('01KJB9Q9YAZAFD34', '01KJB9Q9YAFR7N26', '{"az":"Boyunbağı","en":"Necklace","ru":"Ожерелье"}', 2);
INSERT INTO category_filter_options (id, filter_id, title, "order") VALUES ('01KJB9Q9YAQ24YY2', '01KJB9Q9YAFR7N26', '{"az":"Qolbaq","en":"Bracelet","ru":"Браслет"}', 3);
INSERT INTO category_filter_options (id, filter_id, title, "order") VALUES ('01KJB9Q9YA6896WX', '01KJB9Q9YAFR7N26', '{"az":"Dəst","en":"Set","ru":"Комплект"}', 4);
INSERT INTO category_filter_options (id, filter_id, title, "order") VALUES ('01KJB9Q9YA1P3974', '01KJB9Q9YAFR7N26', '{"az":"Sancaq","en":"Brooch","ru":"Брошь"}', 5);
INSERT INTO category_filters (id, category_id, title, type, "order") VALUES ('01KJB9Q9YAJTA7J2', '01KJB9Q9YAE0DK9R', '{"az":"Material","en":"Material","ru":"Материал"}', 'STATIC', 2);
INSERT INTO category_filter_options (id, filter_id, title, "order") VALUES ('01KJB9Q9YAAPC28Z', '01KJB9Q9YAJTA7J2', '{"az":"Qızıl","en":"Gold","ru":"Золото"}', 0);
INSERT INTO category_filter_options (id, filter_id, title, "order") VALUES ('01KJB9Q9YAYC8611', '01KJB9Q9YAJTA7J2', '{"az":"Gümüş","en":"Silver","ru":"Серебро"}', 1);
INSERT INTO category_filter_options (id, filter_id, title, "order") VALUES ('01KJB9Q9YA8S0PPC', '01KJB9Q9YAJTA7J2', '{"az":"Platin","en":"Platinum","ru":"Платина"}', 2);
INSERT INTO category_filter_options (id, filter_id, title, "order") VALUES ('01KJB9Q9YA3TTH2V', '01KJB9Q9YAJTA7J2', '{"az":"Bijuteriya","en":"Bijouterie","ru":"Бижутерия"}', 3);
INSERT INTO categories (id, title, is_active, parent_id, has_options, type) VALUES ('01KJB9Q9YAQGR057', '{"az":"Gözlüklər və Aksesuarlar","en":"Sunglasses & Accessories","ru":"Очки и аксессуары"}', true, '01KJB9Q9Y8JAG5H3', true, 'normal');
INSERT INTO category_filters (id, category_id, title, type, "order") VALUES ('01KJB9Q9YAJ5RT5X', '01KJB9Q9YAQGR057', '{"az":"Cins","en":"Gender","ru":"Пол"}', 'STATIC', 0);
INSERT INTO category_filter_options (id, filter_id, title, "order") VALUES ('01KJB9Q9YA60S3EP', '01KJB9Q9YAJ5RT5X', '{"az":"Kişi","en":"Men","ru":"Мужской"}', 0);
INSERT INTO category_filter_options (id, filter_id, title, "order") VALUES ('01KJB9Q9YAFFJVT3', '01KJB9Q9YAJ5RT5X', '{"az":"Qadın","en":"Women","ru":"Женский"}', 1);
INSERT INTO category_filter_options (id, filter_id, title, "order") VALUES ('01KJB9Q9YAPN0W70', '01KJB9Q9YAJ5RT5X', '{"az":"Uniseks","en":"Unisex","ru":"Унисекс"}', 2);
INSERT INTO category_filters (id, category_id, title, type, "order") VALUES ('01KJB9Q9YABK6MH8', '01KJB9Q9YAQGR057', '{"az":"Növ","en":"Type","ru":"Тип"}', 'STATIC', 1);
INSERT INTO category_filter_options (id, filter_id, title, "order") VALUES ('01KJB9Q9YACBDXX8', '01KJB9Q9YABK6MH8', '{"az":"Günəş gözlüyü","en":"Sunglasses","ru":"Солнцезащитные очки"}', 0);
INSERT INTO category_filter_options (id, filter_id, title, "order") VALUES ('01KJB9Q9YAMBQKVA', '01KJB9Q9YABK6MH8', '{"az":"Optik gözlük","en":"Optical glasses","ru":"Очки для зрения"}', 1);
INSERT INTO category_filter_options (id, filter_id, title, "order") VALUES ('01KJB9Q9YA3162V4', '01KJB9Q9YABK6MH8', '{"az":"Başlıq","en":"Hats & Caps","ru":"Головные уборы"}', 2);
INSERT INTO category_filter_options (id, filter_id, title, "order") VALUES ('01KJB9Q9YAWH7YRC', '01KJB9Q9YABK6MH8', '{"az":"Kəmər","en":"Belt","ru":"Ремень"}', 3);
INSERT INTO category_filter_options (id, filter_id, title, "order") VALUES ('01KJB9Q9YA3P87SP', '01KJB9Q9YABK6MH8', '{"az":"Əlcək","en":"Gloves","ru":"Перчатки"}', 4);
INSERT INTO category_filter_options (id, filter_id, title, "order") VALUES ('01KJB9Q9YAHP3CM8', '01KJB9Q9YABK6MH8', '{"az":"Şərf","en":"Scarf","ru":"Шарф"}', 5);

COMMIT;
