BEGIN;

-- ==========================================
-- Nəqliyyat / Transport / Транспорт
-- ==========================================
INSERT INTO categories (id, title, is_active, parent_id, has_options, type) VALUES ('01KJB9Q9Y1MTHW39', '{"az":"Nəqliyyat","en":"Transport","ru":"Транспорт"}', true, NULL, false, 'normal');
INSERT INTO category_filters (id, category_id, title, type, "order") VALUES ('01KJB9Q9Y1WT9NQT', '01KJB9Q9Y1MTHW39', '{"az":"Vəziyyəti","en":"Condition","ru":"Состояние"}', 'STATIC', 0);
INSERT INTO category_filter_options (id, filter_id, title, "order") VALUES ('01KJB9Q9Y1GBVFTS', '01KJB9Q9Y1WT9NQT', '{"az":"Yeni","en":"New","ru":"Новый"}', 0);
INSERT INTO category_filter_options (id, filter_id, title, "order") VALUES ('01KJB9Q9Y1K8A3J6', '01KJB9Q9Y1WT9NQT', '{"az":"İşlənmiş","en":"Used","ru":"Б/у"}', 1);
INSERT INTO category_filters (id, category_id, title, type, "order") VALUES ('01KJB9Q9Y1MWP8JD', '01KJB9Q9Y1MTHW39', '{"az":"Barter","en":"Barter","ru":"Бартер"}', 'STATIC', 1);
INSERT INTO category_filter_options (id, filter_id, title, "order") VALUES ('01KJB9Q9Y14HRTTC', '01KJB9Q9Y1MWP8JD', '{"az":"Mümkündür","en":"Possible","ru":"Возможен"}', 0);
INSERT INTO category_filter_options (id, filter_id, title, "order") VALUES ('01KJB9Q9Y1WMSSQ4', '01KJB9Q9Y1MWP8JD', '{"az":"Xeyr","en":"No","ru":"Нет"}', 1);
INSERT INTO category_filters (id, category_id, title, type, "order") VALUES ('01KJB9Q9Y1PJPHDD', '01KJB9Q9Y1MTHW39', '{"az":"Kredit","en":"Credit","ru":"Кредит"}', 'STATIC', 2);
INSERT INTO category_filter_options (id, filter_id, title, "order") VALUES ('01KJB9Q9Y19HSJVW', '01KJB9Q9Y1PJPHDD', '{"az":"Var","en":"Yes","ru":"Есть"}', 0);
INSERT INTO category_filter_options (id, filter_id, title, "order") VALUES ('01KJB9Q9Y1W1J2F1', '01KJB9Q9Y1PJPHDD', '{"az":"Yoxdur","en":"No","ru":"Нет"}', 1);
INSERT INTO categories (id, title, is_active, parent_id, has_options, type) VALUES ('01KJB9Q9Y1N9YJYA', '{"az":"Minik avtomobilləri","en":"Cars","ru":"Легковые автомобили"}', true, '01KJB9Q9Y1MTHW39', true, 'normal');
INSERT INTO category_filters (id, category_id, title, type, "order") VALUES ('01KJB9Q9Y19NQFQ2', '01KJB9Q9Y1N9YJYA', '{"az":"Marka","en":"Brand","ru":"Марка"}', 'STATIC', 0);
INSERT INTO category_filter_options (id, filter_id, title, "order") VALUES ('01KJB9Q9Y13H90BG', '01KJB9Q9Y19NQFQ2', '{"az":"BMW","en":"BMW","ru":"BMW"}', 0);
INSERT INTO category_filter_options (id, filter_id, title, "order") VALUES ('01KJB9Q9Y1ZH8MA8', '01KJB9Q9Y19NQFQ2', '{"az":"Mercedes","en":"Mercedes","ru":"Mercedes"}', 1);
INSERT INTO category_filter_options (id, filter_id, title, "order") VALUES ('01KJB9Q9Y1FWVQPP', '01KJB9Q9Y19NQFQ2', '{"az":"Toyota","en":"Toyota","ru":"Toyota"}', 2);
INSERT INTO category_filter_options (id, filter_id, title, "order") VALUES ('01KJB9Q9Y1HE3MHX', '01KJB9Q9Y19NQFQ2', '{"az":"Hyundai","en":"Hyundai","ru":"Hyundai"}', 3);
INSERT INTO category_filter_options (id, filter_id, title, "order") VALUES ('01KJB9Q9Y1R5JJ1F', '01KJB9Q9Y19NQFQ2', '{"az":"Kia","en":"Kia","ru":"Kia"}', 4);
INSERT INTO category_filter_options (id, filter_id, title, "order") VALUES ('01KJB9Q9Y1J9TXDB', '01KJB9Q9Y19NQFQ2', '{"az":"Lada","en":"Lada","ru":"Lada"}', 5);
INSERT INTO category_filter_options (id, filter_id, title, "order") VALUES ('01KJB9Q9Y177JYZZ', '01KJB9Q9Y19NQFQ2', '{"az":"Chevrolet","en":"Chevrolet","ru":"Chevrolet"}', 6);
INSERT INTO category_filter_options (id, filter_id, title, "order") VALUES ('01KJB9Q9Y1R43H8K', '01KJB9Q9Y19NQFQ2', '{"az":"Audi","en":"Audi","ru":"Audi"}', 7);
INSERT INTO category_filter_options (id, filter_id, title, "order") VALUES ('01KJB9Q9Y1CSQFY3', '01KJB9Q9Y19NQFQ2', '{"az":"Ford","en":"Ford","ru":"Ford"}', 8);
INSERT INTO category_filter_options (id, filter_id, title, "order") VALUES ('01KJB9Q9Y1HF8Q8N', '01KJB9Q9Y19NQFQ2', '{"az":"Nissan","en":"Nissan","ru":"Nissan"}', 9);
INSERT INTO category_filter_options (id, filter_id, title, "order") VALUES ('01KJB9Q9Y12AVPHB', '01KJB9Q9Y19NQFQ2', '{"az":"Opel","en":"Opel","ru":"Opel"}', 10);
INSERT INTO category_filter_options (id, filter_id, title, "order") VALUES ('01KJB9Q9Y1TAEY0E', '01KJB9Q9Y19NQFQ2', '{"az":"Porsche","en":"Porsche","ru":"Porsche"}', 11);
INSERT INTO category_filter_options (id, filter_id, title, "order") VALUES ('01KJB9Q9Y184PY2Z', '01KJB9Q9Y19NQFQ2', '{"az":"Land Rover","en":"Land Rover","ru":"Land Rover"}', 12);
INSERT INTO category_filter_options (id, filter_id, title, "order") VALUES ('01KJB9Q9Y1RA3GX0', '01KJB9Q9Y19NQFQ2', '{"az":"Lexus","en":"Lexus","ru":"Lexus"}', 13);
INSERT INTO category_filter_options (id, filter_id, title, "order") VALUES ('01KJB9Q9Y1Y1XNDQ', '01KJB9Q9Y19NQFQ2', '{"az":"Volkswagen","en":"Volkswagen","ru":"Volkswagen"}', 14);
INSERT INTO category_filter_options (id, filter_id, title, "order") VALUES ('01KJB9Q9Y11VHQGK', '01KJB9Q9Y19NQFQ2', '{"az":"Mazda","en":"Mazda","ru":"Mazda"}', 15);
INSERT INTO category_filter_options (id, filter_id, title, "order") VALUES ('01KJB9Q9Y130J0KM', '01KJB9Q9Y19NQFQ2', '{"az":"Mitsubishi","en":"Mitsubishi","ru":"Mitsubishi"}', 16);
INSERT INTO category_filter_options (id, filter_id, title, "order") VALUES ('01KJB9Q9Y1967SJ5', '01KJB9Q9Y19NQFQ2', '{"az":"Honda","en":"Honda","ru":"Honda"}', 17);
INSERT INTO category_filter_options (id, filter_id, title, "order") VALUES ('01KJB9Q9Y1DYT5KV', '01KJB9Q9Y19NQFQ2', '{"az":"Renault","en":"Renault","ru":"Renault"}', 18);
INSERT INTO category_filter_options (id, filter_id, title, "order") VALUES ('01KJB9Q9Y1WNW2ZQ', '01KJB9Q9Y19NQFQ2', '{"az":"Skoda","en":"Skoda","ru":"Skoda"}', 19);
INSERT INTO category_filters (id, category_id, title, type, "order") VALUES ('01KJB9Q9Y1BVS8TW', '01KJB9Q9Y1N9YJYA', '{"az":"Model","en":"Model","ru":"Модель"}', 'DYNAMIC', 1);
INSERT INTO category_filters (id, category_id, title, type, "order") VALUES ('01KJB9Q9Y1Z9PPKN', '01KJB9Q9Y1N9YJYA', '{"az":"Yanacaq","en":"Fuel","ru":"Топливо"}', 'STATIC', 2);
INSERT INTO category_filter_options (id, filter_id, title, "order") VALUES ('01KJB9Q9Y16JP24G', '01KJB9Q9Y1Z9PPKN', '{"az":"Benzin","en":"Petrol","ru":"Бензин"}', 0);
INSERT INTO category_filter_options (id, filter_id, title, "order") VALUES ('01KJB9Q9Y17Z8N8Q', '01KJB9Q9Y1Z9PPKN', '{"az":"Dizel","en":"Diesel","ru":"Дизель"}', 1);
INSERT INTO category_filter_options (id, filter_id, title, "order") VALUES ('01KJB9Q9Y1EB20W9', '01KJB9Q9Y1Z9PPKN', '{"az":"Qaz","en":"Gas","ru":"Газ"}', 2);
INSERT INTO category_filter_options (id, filter_id, title, "order") VALUES ('01KJB9Q9Y1H5HAE5', '01KJB9Q9Y1Z9PPKN', '{"az":"Elektrik","en":"Electric","ru":"Электро"}', 3);
INSERT INTO category_filter_options (id, filter_id, title, "order") VALUES ('01KJB9Q9Y1VQ1GRP', '01KJB9Q9Y1Z9PPKN', '{"az":"Hibrid","en":"Hybrid","ru":"Гибрид"}', 4);
INSERT INTO category_filters (id, category_id, title, type, "order") VALUES ('01KJB9Q9Y1GBKRCB', '01KJB9Q9Y1N9YJYA', '{"az":"Sürətlər qutusu","en":"Gearbox","ru":"Коробка передач"}', 'STATIC', 3);
INSERT INTO category_filter_options (id, filter_id, title, "order") VALUES ('01KJB9Q9Y1WCN2A7', '01KJB9Q9Y1GBKRCB', '{"az":"Avtomat","en":"Automatic","ru":"Автомат"}', 0);
INSERT INTO category_filter_options (id, filter_id, title, "order") VALUES ('01KJB9Q9Y1Q60SFK', '01KJB9Q9Y1GBKRCB', '{"az":"Mexaniki","en":"Manual","ru":"Механика"}', 1);
INSERT INTO category_filter_options (id, filter_id, title, "order") VALUES ('01KJB9Q9Y1X1RTA0', '01KJB9Q9Y1GBKRCB', '{"az":"Robot","en":"Robot","ru":"Робот"}', 2);
INSERT INTO category_filter_options (id, filter_id, title, "order") VALUES ('01KJB9Q9Y1KS06FE', '01KJB9Q9Y1GBKRCB', '{"az":"Variator","en":"CVT","ru":"Вариатор"}', 3);
INSERT INTO category_filters (id, category_id, title, type, "order") VALUES ('01KJB9Q9Y1TQ2JJR', '01KJB9Q9Y1N9YJYA', '{"az":"Ötürücü","en":"Drive","ru":"Привод"}', 'STATIC', 4);
INSERT INTO category_filter_options (id, filter_id, title, "order") VALUES ('01KJB9Q9Y1SZ25DV', '01KJB9Q9Y1TQ2JJR', '{"az":"Ön","en":"Front","ru":"Передний"}', 0);
INSERT INTO category_filter_options (id, filter_id, title, "order") VALUES ('01KJB9Q9Y17PRD6E', '01KJB9Q9Y1TQ2JJR', '{"az":"Arxa","en":"Rear","ru":"Задний"}', 1);
INSERT INTO category_filter_options (id, filter_id, title, "order") VALUES ('01KJB9Q9Y1Q5DRHM', '01KJB9Q9Y1TQ2JJR', '{"az":"Tam","en":"AWD","ru":"Полный"}', 2);
INSERT INTO category_filters (id, category_id, title, type, "order") VALUES ('01KJB9Q9Y1J9VYNZ', '01KJB9Q9Y1N9YJYA', '{"az":"Rəng","en":"Color","ru":"Цвет"}', 'STATIC', 5);
INSERT INTO category_filter_options (id, filter_id, title, "order") VALUES ('01KJB9Q9Y13CVA72', '01KJB9Q9Y1J9VYNZ', '{"az":"Qara","en":"Black","ru":"Черный"}', 0);
INSERT INTO category_filter_options (id, filter_id, title, "order") VALUES ('01KJB9Q9Y1QZX2YS', '01KJB9Q9Y1J9VYNZ', '{"az":"Ağ","en":"White","ru":"Белый"}', 1);
INSERT INTO category_filter_options (id, filter_id, title, "order") VALUES ('01KJB9Q9Y1YJDKQ1', '01KJB9Q9Y1J9VYNZ', '{"az":"Gümüşü","en":"Silver","ru":"Серебристый"}', 2);
INSERT INTO category_filter_options (id, filter_id, title, "order") VALUES ('01KJB9Q9Y1W3PKTD', '01KJB9Q9Y1J9VYNZ', '{"az":"Boz","en":"Gray","ru":"Серый"}', 3);
INSERT INTO category_filter_options (id, filter_id, title, "order") VALUES ('01KJB9Q9Y1RQXC41', '01KJB9Q9Y1J9VYNZ', '{"az":"Qırmızı","en":"Red","ru":"Красный"}', 4);
INSERT INTO category_filter_options (id, filter_id, title, "order") VALUES ('01KJB9Q9Y1MK4Q0B', '01KJB9Q9Y1J9VYNZ', '{"az":"Mavi","en":"Blue","ru":"Синий"}', 5);
INSERT INTO category_filter_options (id, filter_id, title, "order") VALUES ('01KJB9Q9Y1PBZCBA', '01KJB9Q9Y1J9VYNZ', '{"az":"Yaşıl","en":"Green","ru":"Зеленый"}', 6);
INSERT INTO category_filter_options (id, filter_id, title, "order") VALUES ('01KJB9Q9Y1C1TR8F', '01KJB9Q9Y1J9VYNZ', '{"az":"Sarı","en":"Yellow","ru":"Желтый"}', 7);
INSERT INTO category_filter_options (id, filter_id, title, "order") VALUES ('01KJB9Q9Y1ZHFJGN', '01KJB9Q9Y1J9VYNZ', '{"az":"Qəhvəyi","en":"Brown","ru":"Коричневый"}', 8);
INSERT INTO category_filters (id, category_id, title, type, "order") VALUES ('01KJB9Q9Y1659GM5', '01KJB9Q9Y1N9YJYA', '{"az":"Hansı bazar","en":"Market","ru":"Какой рынок"}', 'STATIC', 6);
INSERT INTO category_filter_options (id, filter_id, title, "order") VALUES ('01KJB9Q9Y1BJJSW1', '01KJB9Q9Y1659GM5', '{"az":"Rəsmi Diler","en":"Official Dealer","ru":"Официальный дилер"}', 0);
INSERT INTO category_filter_options (id, filter_id, title, "order") VALUES ('01KJB9Q9Y1F5FK1C', '01KJB9Q9Y1659GM5', '{"az":"Avropa","en":"Europe","ru":"Европа"}', 1);
INSERT INTO category_filter_options (id, filter_id, title, "order") VALUES ('01KJB9Q9Y18G3Y3E', '01KJB9Q9Y1659GM5', '{"az":"Amerika","en":"America","ru":"Америка"}', 2);
INSERT INTO category_filter_options (id, filter_id, title, "order") VALUES ('01KJB9Q9Y1N10SN2', '01KJB9Q9Y1659GM5', '{"az":"Koreya","en":"Korea","ru":"Корея"}', 3);
INSERT INTO category_filter_options (id, filter_id, title, "order") VALUES ('01KJB9Q9Y1T4VT4W', '01KJB9Q9Y1659GM5', '{"az":"Yaponiya","en":"Japan","ru":"Япония"}', 4);
INSERT INTO category_filter_options (id, filter_id, title, "order") VALUES ('01KJB9Q9Y1JHBK01', '01KJB9Q9Y1659GM5', '{"az":"Dubay","en":"Dubai","ru":"Дубай"}', 5);
INSERT INTO category_filters (id, category_id, title, type, "order") VALUES ('01KJB9Q9Y1PB1Q38', '01KJB9Q9Y1N9YJYA', '{"az":"Vuruğu var","en":"Crashed","ru":"Битый"}', 'STATIC', 7);
INSERT INTO category_filter_options (id, filter_id, title, "order") VALUES ('01KJB9Q9Y1C8QWGY', '01KJB9Q9Y1PB1Q38', '{"az":"Bəli","en":"Yes","ru":"Да"}', 0);
INSERT INTO category_filter_options (id, filter_id, title, "order") VALUES ('01KJB9Q9Y1PGNF78', '01KJB9Q9Y1PB1Q38', '{"az":"Xeyr","en":"No","ru":"Нет"}', 1);
INSERT INTO category_filters (id, category_id, title, type, "order") VALUES ('01KJB9Q9Y10N74GH', '01KJB9Q9Y1N9YJYA', '{"az":"Mühərrikin həcmi (sm³)","en":"Engine volume (cc)","ru":"Объем двигателя (см³)"}', 'DYNAMIC', 8);
INSERT INTO category_filters (id, category_id, title, type, "order") VALUES ('01KJB9Q9Y151TCR7', '01KJB9Q9Y1N9YJYA', '{"az":"Mühərrikin gücü (a.g.)","en":"Engine power (hp)","ru":"Мощность (л.с.)"}', 'DYNAMIC', 9);
INSERT INTO category_filters (id, category_id, title, type, "order") VALUES ('01KJB9Q9Y17VSZKT', '01KJB9Q9Y1N9YJYA', '{"az":"Yürüş (km)","en":"Mileage (km)","ru":"Пробег (км)"}', 'DYNAMIC', 10);
INSERT INTO category_filters (id, category_id, title, type, "order") VALUES ('01KJB9Q9Y10SYCVE', '01KJB9Q9Y1N9YJYA', '{"az":"Buraxılış ili","en":"Year","ru":"Год выпуска"}', 'DYNAMIC', 11);
INSERT INTO category_filters (id, category_id, title, type, "order") VALUES ('01KJB9Q9Y14NQXX0', '01KJB9Q9Y1N9YJYA', '{"az":"Ban növü","en":"Body type","ru":"Тип кузова"}', 'STATIC', 12);
INSERT INTO category_filter_options (id, filter_id, title, "order") VALUES ('01KJB9Q9Y12E2DN6', '01KJB9Q9Y14NQXX0', '{"az":"Sedan","en":"Sedan","ru":"Седан"}', 0);
INSERT INTO category_filter_options (id, filter_id, title, "order") VALUES ('01KJB9Q9Y1WHTKX0', '01KJB9Q9Y14NQXX0', '{"az":"Hetchbek","en":"Hatchback","ru":"Хэтчбек"}', 1);
INSERT INTO category_filter_options (id, filter_id, title, "order") VALUES ('01KJB9Q9Y199XE9N', '01KJB9Q9Y14NQXX0', '{"az":"Universal","en":"Universal","ru":"Универсал"}', 2);
INSERT INTO category_filter_options (id, filter_id, title, "order") VALUES ('01KJB9Q9Y1N9EH4E', '01KJB9Q9Y14NQXX0', '{"az":"Kupe","en":"Coupe","ru":"Купе"}', 3);
INSERT INTO category_filter_options (id, filter_id, title, "order") VALUES ('01KJB9Q9Y162Z573', '01KJB9Q9Y14NQXX0', '{"az":"Yolsuzluq","en":"SUV","ru":"Внедорожник"}', 4);
INSERT INTO category_filter_options (id, filter_id, title, "order") VALUES ('01KJB9Q9Y1KVF6YA', '01KJB9Q9Y14NQXX0', '{"az":"Krossover","en":"Crossover","ru":"Кроссовер"}', 5);
INSERT INTO category_filter_options (id, filter_id, title, "order") VALUES ('01KJB9Q9Y1SKHY1J', '01KJB9Q9Y14NQXX0', '{"az":"Minivan","en":"Minivan","ru":"Минивэн"}', 6);
INSERT INTO category_filter_options (id, filter_id, title, "order") VALUES ('01KJB9Q9Y1RR4HMK', '01KJB9Q9Y14NQXX0', '{"az":"Pikap","en":"Pickup","ru":"Пикап"}', 7);
INSERT INTO category_filter_options (id, filter_id, title, "order") VALUES ('01KJB9Q9Y1QXGWWE', '01KJB9Q9Y14NQXX0', '{"az":"Kabriolet","en":"Cabriolet","ru":"Кабриолет"}', 8);
INSERT INTO categories (id, title, is_active, parent_id, has_options, type) VALUES ('01KJB9Q9Y1R35NRC', '{"az":"Yük maşınları","en":"Trucks","ru":"Грузовики"}', true, '01KJB9Q9Y1MTHW39', true, 'normal');
INSERT INTO category_filters (id, category_id, title, type, "order") VALUES ('01KJB9Q9Y128Q7H0', '01KJB9Q9Y1R35NRC', '{"az":"Yanacaq","en":"Fuel","ru":"Топливо"}', 'STATIC', 0);
INSERT INTO category_filter_options (id, filter_id, title, "order") VALUES ('01KJB9Q9Y1TY807M', '01KJB9Q9Y128Q7H0', '{"az":"Benzin","en":"Petrol","ru":"Бензин"}', 0);
INSERT INTO category_filter_options (id, filter_id, title, "order") VALUES ('01KJB9Q9Y1WKKDHK', '01KJB9Q9Y128Q7H0', '{"az":"Dizel","en":"Diesel","ru":"Дизель"}', 1);
INSERT INTO category_filter_options (id, filter_id, title, "order") VALUES ('01KJB9Q9Y1SVESZV', '01KJB9Q9Y128Q7H0', '{"az":"Qaz","en":"Gas","ru":"Газ"}', 2);
INSERT INTO category_filter_options (id, filter_id, title, "order") VALUES ('01KJB9Q9Y1PZWMSV', '01KJB9Q9Y128Q7H0', '{"az":"Elektrik","en":"Electric","ru":"Электро"}', 3);
INSERT INTO category_filter_options (id, filter_id, title, "order") VALUES ('01KJB9Q9Y1CA3SRQ', '01KJB9Q9Y128Q7H0', '{"az":"Hibrid","en":"Hybrid","ru":"Гибрид"}', 4);
INSERT INTO category_filters (id, category_id, title, type, "order") VALUES ('01KJB9Q9Y12NVQZC', '01KJB9Q9Y1R35NRC', '{"az":"Sürətlər qutusu","en":"Gearbox","ru":"Коробка передач"}', 'STATIC', 1);
INSERT INTO category_filter_options (id, filter_id, title, "order") VALUES ('01KJB9Q9Y1AYTT6P', '01KJB9Q9Y12NVQZC', '{"az":"Avtomat","en":"Automatic","ru":"Автомат"}', 0);
INSERT INTO category_filter_options (id, filter_id, title, "order") VALUES ('01KJB9Q9Y1B84ZWD', '01KJB9Q9Y12NVQZC', '{"az":"Mexaniki","en":"Manual","ru":"Механика"}', 1);
INSERT INTO category_filter_options (id, filter_id, title, "order") VALUES ('01KJB9Q9Y1N9TDVY', '01KJB9Q9Y12NVQZC', '{"az":"Robot","en":"Robot","ru":"Робот"}', 2);
INSERT INTO category_filter_options (id, filter_id, title, "order") VALUES ('01KJB9Q9Y1TBJ6SD', '01KJB9Q9Y12NVQZC', '{"az":"Variator","en":"CVT","ru":"Вариатор"}', 3);
INSERT INTO category_filters (id, category_id, title, type, "order") VALUES ('01KJB9Q9Y1VPG23V', '01KJB9Q9Y1R35NRC', '{"az":"Yük tutumu (ton)","en":"Capacity (tons)","ru":"Грузоподъемность (тонн)"}', 'DYNAMIC', 2);
INSERT INTO category_filters (id, category_id, title, type, "order") VALUES ('01KJB9Q9Y11T606T', '01KJB9Q9Y1R35NRC', '{"az":"Buraxılış ili","en":"Year","ru":"Год выпуска"}', 'DYNAMIC', 3);
INSERT INTO categories (id, title, is_active, parent_id, has_options, type) VALUES ('01KJB9Q9Y11D4FY8', '{"az":"Motosikletlər və Mopedlər","en":"Motorcycles & Mopeds","ru":"Мотоциклы и Мопеды"}', true, '01KJB9Q9Y1MTHW39', true, 'normal');
INSERT INTO category_filters (id, category_id, title, type, "order") VALUES ('01KJB9Q9Y1EHEF9G', '01KJB9Q9Y11D4FY8', '{"az":"Mühərrikin həcmi (sm³)","en":"Engine volume (cc)","ru":"Объем двигателя (см³)"}', 'DYNAMIC', 0);
INSERT INTO category_filters (id, category_id, title, type, "order") VALUES ('01KJB9Q9Y14D0PS2', '01KJB9Q9Y11D4FY8', '{"az":"Buraxılış ili","en":"Year","ru":"Год выпуска"}', 'DYNAMIC', 1);
INSERT INTO categories (id, title, is_active, parent_id, has_options, type) VALUES ('01KJB9Q9Y1S5SN8Z', '{"az":"Avtobuslar","en":"Buses","ru":"Автобусы"}', true, '01KJB9Q9Y1MTHW39', true, 'normal');
INSERT INTO category_filters (id, category_id, title, type, "order") VALUES ('01KJB9Q9Y2B2HTF4', '01KJB9Q9Y1S5SN8Z', '{"az":"Sərnişin tutumu","en":"Passenger capacity","ru":"Вместимость пассажиров"}', 'DYNAMIC', 0);
INSERT INTO category_filters (id, category_id, title, type, "order") VALUES ('01KJB9Q9Y2GCE396', '01KJB9Q9Y1S5SN8Z', '{"az":"Buraxılış ili","en":"Year","ru":"Год выпуска"}', 'DYNAMIC', 1);
INSERT INTO categories (id, title, is_active, parent_id, has_options, type) VALUES ('01KJB9Q9Y226WT7E', '{"az":"Ehtiyat hissələri və aksesuarlar","en":"Auto parts & accessories","ru":"Запчасти и аксессуары"}', true, '01KJB9Q9Y1MTHW39', true, 'normal');
INSERT INTO category_filters (id, category_id, title, type, "order") VALUES ('01KJB9Q9Y2Q175SS', '01KJB9Q9Y226WT7E', '{"az":"Növ","en":"Type","ru":"Тип"}', 'STATIC', 0);
INSERT INTO category_filter_options (id, filter_id, title, "order") VALUES ('01KJB9Q9Y227SVAA', '01KJB9Q9Y2Q175SS', '{"az":"Ehtiyat hissəsi","en":"Mühərrik, transmissiya, asqı","ru":"Запчасть"}', 0);
INSERT INTO category_filter_options (id, filter_id, title, "order") VALUES ('01KJB9Q9Y2XSY4F8', '01KJB9Q9Y2Q175SS', '{"az":"Aksesuar","en":"Çexol, ayaqaltı, baqaj","ru":"Аксессуар"}', 1);
INSERT INTO category_filter_options (id, filter_id, title, "order") VALUES ('01KJB9Q9Y2909JAF', '01KJB9Q9Y2Q175SS', '{"az":"Audio, Video, Naviqasiya","en":"Audio, Video","ru":"Аудио, Видео, Навигация"}', 2);
INSERT INTO category_filter_options (id, filter_id, title, "order") VALUES ('01KJB9Q9Y25XW1FS', '01KJB9Q9Y2Q175SS', '{"az":"Şinlər, disklər","en":"Tires, wheels","ru":"Шины, диски"}', 3);
INSERT INTO category_filter_options (id, filter_id, title, "order") VALUES ('01KJB9Q9Y2J2267C', '01KJB9Q9Y2Q175SS', '{"az":"Avtokimya","en":"Car chemistry","ru":"Автохимия"}', 4);
INSERT INTO categories (id, title, is_active, parent_id, has_options, type) VALUES ('01KJB9Q9Y27R5FFV', '{"az":"Su nəqliyyatı","en":"Water transport","ru":"Водный транспорт"}', true, '01KJB9Q9Y1MTHW39', false, 'normal');
INSERT INTO categories (id, title, is_active, parent_id, has_options, type) VALUES ('01KJB9Q9Y2JR1H43', '{"az":"Xüsusi texnika","en":"Special equipment","ru":"Спецтехника"}', true, '01KJB9Q9Y1MTHW39', false, 'normal');

COMMIT;
