BEGIN;

-- ==========================================
-- Heyvanlar / Animals / Животные
-- ==========================================
INSERT INTO categories (id, title, is_active, parent_id, has_options, type) VALUES ('01KJB9Q9YMYSP6HS', '{"az":"Heyvanlar","en":"Animals","ru":"Животные"}', true, NULL, false, 'normal');
INSERT INTO category_filters (id, category_id, title, type, "order") VALUES ('01KJB9Q9YMACSMGS', '01KJB9Q9YMYSP6HS', '{"az":"Çatdırılma","en":"Delivery","ru":"Доставка"}', 'STATIC', 0);
INSERT INTO category_filter_options (id, filter_id, title, "order") VALUES ('01KJB9Q9YMTXHEXV', '01KJB9Q9YMACSMGS', '{"az":"Pulsuz","en":"Free","ru":"Бесплатно"}', 0);
INSERT INTO category_filter_options (id, filter_id, title, "order") VALUES ('01KJB9Q9YMGT7TYT', '01KJB9Q9YMACSMGS', '{"az":"Ödənişli","en":"Paid","ru":"Платно"}', 1);
INSERT INTO category_filter_options (id, filter_id, title, "order") VALUES ('01KJB9Q9YMYCP4H3', '01KJB9Q9YMACSMGS', '{"az":"Yoxdur","en":"No","ru":"Нет"}', 2);
INSERT INTO categories (id, title, is_active, parent_id, has_options, type) VALUES ('01KJB9Q9YM8T7C3K', '{"az":"İtlər","en":"Dogs","ru":"Собаки"}', true, '01KJB9Q9YMYSP6HS', true, 'normal');
INSERT INTO category_filters (id, category_id, title, type, "order") VALUES ('01KJB9Q9YM3BXRC3', '01KJB9Q9YM8T7C3K', '{"az":"Cins","en":"Breed","ru":"Порода"}', 'DYNAMIC', 0);
INSERT INTO category_filters (id, category_id, title, type, "order") VALUES ('01KJB9Q9YMK6AQ6V', '01KJB9Q9YM8T7C3K', '{"az":"Yaş","en":"Age","ru":"Возраст"}', 'STATIC', 1);
INSERT INTO category_filter_options (id, filter_id, title, "order") VALUES ('01KJB9Q9YME3E3VY', '01KJB9Q9YMK6AQ6V', '{"az":"Balaca (0-6 ay)","en":"Puppy (0-6 mo)","ru":"Щенок (0-6 мес)"}', 0);
INSERT INTO category_filter_options (id, filter_id, title, "order") VALUES ('01KJB9Q9YM9E5E2V', '01KJB9Q9YMK6AQ6V', '{"az":"6 ay - 1 il","en":"6 mo - 1 yr","ru":"6 мес - 1 год"}', 1);
INSERT INTO category_filter_options (id, filter_id, title, "order") VALUES ('01KJB9Q9YMKMP8VM', '01KJB9Q9YMK6AQ6V', '{"az":"1-3 il","en":"1-3 years","ru":"1-3 года"}', 2);
INSERT INTO category_filter_options (id, filter_id, title, "order") VALUES ('01KJB9Q9YMZ0399Q', '01KJB9Q9YMK6AQ6V', '{"az":"3-7 il","en":"3-7 years","ru":"3-7 лет"}', 3);
INSERT INTO category_filter_options (id, filter_id, title, "order") VALUES ('01KJB9Q9YM8V75AJ', '01KJB9Q9YMK6AQ6V', '{"az":"7+ il","en":"7+ years","ru":"7+ лет"}', 4);
INSERT INTO category_filters (id, category_id, title, type, "order") VALUES ('01KJB9Q9YMRDA28E', '01KJB9Q9YM8T7C3K', '{"az":"Cins növü","en":"Breed size","ru":"Размер"}', 'STATIC', 2);
INSERT INTO category_filter_options (id, filter_id, title, "order") VALUES ('01KJB9Q9YMWWMEHB', '01KJB9Q9YMRDA28E', '{"az":"Kiçik","en":"Small","ru":"Маленький"}', 0);
INSERT INTO category_filter_options (id, filter_id, title, "order") VALUES ('01KJB9Q9YM2FZ1JJ', '01KJB9Q9YMRDA28E', '{"az":"Orta","en":"Medium","ru":"Средний"}', 1);
INSERT INTO category_filter_options (id, filter_id, title, "order") VALUES ('01KJB9Q9YNTRR554', '01KJB9Q9YMRDA28E', '{"az":"Böyük","en":"Large","ru":"Крупный"}', 2);
INSERT INTO categories (id, title, is_active, parent_id, has_options, type) VALUES ('01KJB9Q9YNF6XMKE', '{"az":"Pişiklər","en":"Cats","ru":"Кошки"}', true, '01KJB9Q9YMYSP6HS', true, 'normal');
INSERT INTO category_filters (id, category_id, title, type, "order") VALUES ('01KJB9Q9YNF2Y5T7', '01KJB9Q9YNF6XMKE', '{"az":"Cins","en":"Breed","ru":"Порода"}', 'DYNAMIC', 0);
INSERT INTO category_filters (id, category_id, title, type, "order") VALUES ('01KJB9Q9YNXDP45Y', '01KJB9Q9YNF6XMKE', '{"az":"Yaş","en":"Age","ru":"Возраст"}', 'STATIC', 1);
INSERT INTO category_filter_options (id, filter_id, title, "order") VALUES ('01KJB9Q9YNB1DZVW', '01KJB9Q9YNXDP45Y', '{"az":"Balaca (0-6 ay)","en":"Kitten (0-6 mo)","ru":"Котёнок (0-6 мес)"}', 0);
INSERT INTO category_filter_options (id, filter_id, title, "order") VALUES ('01KJB9Q9YN86QGV9', '01KJB9Q9YNXDP45Y', '{"az":"6 ay - 1 il","en":"6 mo - 1 yr","ru":"6 мес - 1 год"}', 1);
INSERT INTO category_filter_options (id, filter_id, title, "order") VALUES ('01KJB9Q9YNKJ7980', '01KJB9Q9YNXDP45Y', '{"az":"1-5 il","en":"1-5 years","ru":"1-5 лет"}', 2);
INSERT INTO category_filter_options (id, filter_id, title, "order") VALUES ('01KJB9Q9YNWFTDT5', '01KJB9Q9YNXDP45Y', '{"az":"5+ il","en":"5+ years","ru":"5+ лет"}', 3);
INSERT INTO categories (id, title, is_active, parent_id, has_options, type) VALUES ('01KJB9Q9YNV53C7P', '{"az":"Quşlar","en":"Birds","ru":"Птицы"}', true, '01KJB9Q9YMYSP6HS', true, 'normal');
INSERT INTO category_filters (id, category_id, title, type, "order") VALUES ('01KJB9Q9YNC667V1', '01KJB9Q9YNV53C7P', '{"az":"Növ","en":"Species","ru":"Вид"}', 'STATIC', 0);
INSERT INTO category_filter_options (id, filter_id, title, "order") VALUES ('01KJB9Q9YNR6S0KE', '01KJB9Q9YNC667V1', '{"az":"Tutuquşu","en":"Parrot","ru":"Попугай"}', 0);
INSERT INTO category_filter_options (id, filter_id, title, "order") VALUES ('01KJB9Q9YNS9HJMM', '01KJB9Q9YNC667V1', '{"az":"Kanar","en":"Canary","ru":"Канарейка"}', 1);
INSERT INTO category_filter_options (id, filter_id, title, "order") VALUES ('01KJB9Q9YNB5MGT7', '01KJB9Q9YNC667V1', '{"az":"Göyərçin","en":"Pigeon","ru":"Голубь"}', 2);
INSERT INTO category_filter_options (id, filter_id, title, "order") VALUES ('01KJB9Q9YNB6X5NZ', '01KJB9Q9YNC667V1', '{"az":"Finç","en":"Finch","ru":"Зяблик"}', 3);
INSERT INTO category_filter_options (id, filter_id, title, "order") VALUES ('01KJB9Q9YNSY0C07', '01KJB9Q9YNC667V1', '{"az":"Qızılquş","en":"Eagle/Hawk","ru":"Орёл/Ястреб"}', 4);
INSERT INTO category_filter_options (id, filter_id, title, "order") VALUES ('01KJB9Q9YN98YGKT', '01KJB9Q9YNC667V1', '{"az":"Digər","en":"Other","ru":"Другие"}', 5);
INSERT INTO categories (id, title, is_active, parent_id, has_options, type) VALUES ('01KJB9Q9YNMH48P0', '{"az":"Kənd təsərrüfatı heyvanları","en":"Farm animals","ru":"Сельскохозяйственные животные"}', true, '01KJB9Q9YMYSP6HS', true, 'normal');
INSERT INTO category_filters (id, category_id, title, type, "order") VALUES ('01KJB9Q9YN35NQFT', '01KJB9Q9YNMH48P0', '{"az":"Növ","en":"Species","ru":"Вид"}', 'STATIC', 0);
INSERT INTO category_filter_options (id, filter_id, title, "order") VALUES ('01KJB9Q9YN95WQHT', '01KJB9Q9YN35NQFT', '{"az":"İnək/Düyə","en":"Cow/Heifer","ru":"Корова/Тёлка"}', 0);
INSERT INTO category_filter_options (id, filter_id, title, "order") VALUES ('01KJB9Q9YN5VYSQY', '01KJB9Q9YN35NQFT', '{"az":"Qoyun/Keçi","en":"Sheep/Goat","ru":"Овца/Коза"}', 1);
INSERT INTO category_filter_options (id, filter_id, title, "order") VALUES ('01KJB9Q9YNKDQREE', '01KJB9Q9YN35NQFT', '{"az":"Donuz","en":"Pig","ru":"Свинья"}', 2);
INSERT INTO category_filter_options (id, filter_id, title, "order") VALUES ('01KJB9Q9YN9W9HCS', '01KJB9Q9YN35NQFT', '{"az":"At","en":"Horse","ru":"Лошадь"}', 3);
INSERT INTO category_filter_options (id, filter_id, title, "order") VALUES ('01KJB9Q9YNATXPYK', '01KJB9Q9YN35NQFT', '{"az":"Ev quşları","en":"Poultry","ru":"Птица"}', 4);
INSERT INTO category_filter_options (id, filter_id, title, "order") VALUES ('01KJB9Q9YN3RRTTR', '01KJB9Q9YN35NQFT', '{"az":"Arı ailəsi","en":"Bee colony","ru":"Пчелосемья"}', 5);
INSERT INTO categories (id, title, is_active, parent_id, has_options, type) VALUES ('01KJB9Q9YN4AKXZW', '{"az":"Akvarium balıqları və bitkilər","en":"Aquarium fish & plants","ru":"Аквариумные рыбки"}', true, '01KJB9Q9YMYSP6HS', true, 'normal');
INSERT INTO category_filters (id, category_id, title, type, "order") VALUES ('01KJB9Q9YNKH2SS8', '01KJB9Q9YN4AKXZW', '{"az":"Növ","en":"Type","ru":"Тип"}', 'STATIC', 0);
INSERT INTO category_filter_options (id, filter_id, title, "order") VALUES ('01KJB9Q9YN24EDF0', '01KJB9Q9YNKH2SS8', '{"az":"Balıqlar","en":"Fish","ru":"Рыбки"}', 0);
INSERT INTO category_filter_options (id, filter_id, title, "order") VALUES ('01KJB9Q9YN09XFX1', '01KJB9Q9YNKH2SS8', '{"az":"Su bitkiləri","en":"Aquatic plants","ru":"Водные растения"}', 1);
INSERT INTO category_filter_options (id, filter_id, title, "order") VALUES ('01KJB9Q9YNNY5VZ4', '01KJB9Q9YNKH2SS8', '{"az":"Akvarium","en":"Aquarium tank","ru":"Аквариум"}', 2);
INSERT INTO category_filter_options (id, filter_id, title, "order") VALUES ('01KJB9Q9YNKCA329', '01KJB9Q9YNKH2SS8', '{"az":"Filtr/Nasoslar","en":"Filter/Pumps","ru":"Фильтр/Насос"}', 3);
INSERT INTO categories (id, title, is_active, parent_id, has_options, type) VALUES ('01KJB9Q9YNMPS1B0', '{"az":"Sürünənlər və digərləri","en":"Reptiles & others","ru":"Рептилии и прочие"}', true, '01KJB9Q9YMYSP6HS', true, 'normal');
INSERT INTO category_filters (id, category_id, title, type, "order") VALUES ('01KJB9Q9YNSR8VAX', '01KJB9Q9YNMPS1B0', '{"az":"Növ","en":"Species","ru":"Вид"}', 'STATIC', 0);
INSERT INTO category_filter_options (id, filter_id, title, "order") VALUES ('01KJB9Q9YNRN1XBN', '01KJB9Q9YNSR8VAX', '{"az":"Kərtənkələ","en":"Lizard","ru":"Ящерица"}', 0);
INSERT INTO category_filter_options (id, filter_id, title, "order") VALUES ('01KJB9Q9YNK0NRSE', '01KJB9Q9YNSR8VAX', '{"az":"İlan","en":"Snake","ru":"Змея"}', 1);
INSERT INTO category_filter_options (id, filter_id, title, "order") VALUES ('01KJB9Q9YN3EK788', '01KJB9Q9YNSR8VAX', '{"az":"Tısbağa","en":"Turtle","ru":"Черепаха"}', 2);
INSERT INTO category_filter_options (id, filter_id, title, "order") VALUES ('01KJB9Q9YNMAVV3N', '01KJB9Q9YNSR8VAX', '{"az":"Xamelon","en":"Chameleon","ru":"Хамелеон"}', 3);
INSERT INTO category_filter_options (id, filter_id, title, "order") VALUES ('01KJB9Q9YNBXSR1M', '01KJB9Q9YNSR8VAX', '{"az":"Əqrəb","en":"Scorpion","ru":"Скорпион"}', 4);
INSERT INTO category_filter_options (id, filter_id, title, "order") VALUES ('01KJB9Q9YNCHAY9X', '01KJB9Q9YNSR8VAX', '{"az":"Digər","en":"Other","ru":"Другие"}', 5);
INSERT INTO categories (id, title, is_active, parent_id, has_options, type) VALUES ('01KJB9Q9YN2166F5', '{"az":"Heyvanlar üçün qida","en":"Pet food","ru":"Корм для животных"}', true, '01KJB9Q9YMYSP6HS', true, 'normal');
INSERT INTO category_filters (id, category_id, title, type, "order") VALUES ('01KJB9Q9YNXWVYJN', '01KJB9Q9YN2166F5', '{"az":"Heyvan növü","en":"Pet type","ru":"Тип питомца"}', 'STATIC', 0);
INSERT INTO category_filter_options (id, filter_id, title, "order") VALUES ('01KJB9Q9YN1PZG4E', '01KJB9Q9YNXWVYJN', '{"az":"İt","en":"Dog","ru":"Собака"}', 0);
INSERT INTO category_filter_options (id, filter_id, title, "order") VALUES ('01KJB9Q9YN9XG96J', '01KJB9Q9YNXWVYJN', '{"az":"Pişik","en":"Cat","ru":"Кошка"}', 1);
INSERT INTO category_filter_options (id, filter_id, title, "order") VALUES ('01KJB9Q9YNSSEX6Y', '01KJB9Q9YNXWVYJN', '{"az":"Quş","en":"Bird","ru":"Птица"}', 2);
INSERT INTO category_filter_options (id, filter_id, title, "order") VALUES ('01KJB9Q9YNFGARET', '01KJB9Q9YNXWVYJN', '{"az":"Balıq","en":"Fish","ru":"Рыба"}', 3);
INSERT INTO category_filter_options (id, filter_id, title, "order") VALUES ('01KJB9Q9YNKNFN6R', '01KJB9Q9YNXWVYJN', '{"az":"Digər","en":"Other","ru":"Другие"}', 4);
INSERT INTO category_filters (id, category_id, title, type, "order") VALUES ('01KJB9Q9YNDAX6DS', '01KJB9Q9YN2166F5', '{"az":"Qida forması","en":"Food format","ru":"Форма корма"}', 'STATIC', 1);
INSERT INTO category_filter_options (id, filter_id, title, "order") VALUES ('01KJB9Q9YN14SZW3', '01KJB9Q9YNDAX6DS', '{"az":"Quru","en":"Dry","ru":"Сухой"}', 0);
INSERT INTO category_filter_options (id, filter_id, title, "order") VALUES ('01KJB9Q9YNC1RBCG', '01KJB9Q9YNDAX6DS', '{"az":"Yaş/Konserv","en":"Wet/Canned","ru":"Влажный/Консервы"}', 1);
INSERT INTO category_filter_options (id, filter_id, title, "order") VALUES ('01KJB9Q9YNK8NV2N', '01KJB9Q9YNDAX6DS', '{"az":"Xörək","en":"Natural/Raw","ru":"Натуральный"}', 2);
INSERT INTO categories (id, title, is_active, parent_id, has_options, type) VALUES ('01KJB9Q9YN2P6N85', '{"az":"Heyvan aksesuarları və ləvazimatlar","en":"Pet accessories","ru":"Зоотовары и аксессуары"}', true, '01KJB9Q9YMYSP6HS', true, 'normal');
INSERT INTO category_filters (id, category_id, title, type, "order") VALUES ('01KJB9Q9YNHACDVY', '01KJB9Q9YN2P6N85', '{"az":"Heyvan növü","en":"Pet type","ru":"Тип питомца"}', 'STATIC', 0);
INSERT INTO category_filter_options (id, filter_id, title, "order") VALUES ('01KJB9Q9YNNZS6MR', '01KJB9Q9YNHACDVY', '{"az":"İt","en":"Dog","ru":"Собака"}', 0);
INSERT INTO category_filter_options (id, filter_id, title, "order") VALUES ('01KJB9Q9YNCPMFRG', '01KJB9Q9YNHACDVY', '{"az":"Pişik","en":"Cat","ru":"Кошка"}', 1);
INSERT INTO category_filter_options (id, filter_id, title, "order") VALUES ('01KJB9Q9YNC09RSE', '01KJB9Q9YNHACDVY', '{"az":"Quş","en":"Bird","ru":"Птица"}', 2);
INSERT INTO category_filter_options (id, filter_id, title, "order") VALUES ('01KJB9Q9YNC3Z8NW', '01KJB9Q9YNHACDVY', '{"az":"Digər","en":"Other","ru":"Другие"}', 3);
INSERT INTO category_filters (id, category_id, title, type, "order") VALUES ('01KJB9Q9YNKBRWWF', '01KJB9Q9YN2P6N85', '{"az":"Növ","en":"Type","ru":"Тип"}', 'STATIC', 1);
INSERT INTO category_filter_options (id, filter_id, title, "order") VALUES ('01KJB9Q9YN00K38C', '01KJB9Q9YNKBRWWF', '{"az":"Daşıyıcı","en":"Carrier/Crate","ru":"Переноска"}', 0);
INSERT INTO category_filter_options (id, filter_id, title, "order") VALUES ('01KJB9Q9YNW3D80K', '01KJB9Q9YNKBRWWF', '{"az":"Yataq/Yuvası","en":"Bed/House","ru":"Лежак/Домик"}', 1);
INSERT INTO category_filter_options (id, filter_id, title, "order") VALUES ('01KJB9Q9YNJD6B4C', '01KJB9Q9YNKBRWWF', '{"az":"Tasma/Yular","en":"Leash/Collar","ru":"Поводок/Ошейник"}', 2);
INSERT INTO category_filter_options (id, filter_id, title, "order") VALUES ('01KJB9Q9YN6GD1GK', '01KJB9Q9YNKBRWWF', '{"az":"Oyuncaqlar","en":"Toys","ru":"Игрушки"}', 3);
INSERT INTO category_filter_options (id, filter_id, title, "order") VALUES ('01KJB9Q9YND7QYN6', '01KJB9Q9YNKBRWWF', '{"az":"Qroominq","en":"Grooming","ru":"Груминг"}', 4);
INSERT INTO categories (id, title, is_active, parent_id, has_options, type) VALUES ('01KJB9Q9YNE479ST', '{"az":"Baytarlıq preparatları","en":"Veterinary medicines","ru":"Ветеринарные препараты"}', true, '01KJB9Q9YMYSP6HS', true, 'normal');
INSERT INTO category_filters (id, category_id, title, type, "order") VALUES ('01KJB9Q9YNJWFSV9', '01KJB9Q9YNE479ST', '{"az":"Heyvan növü","en":"Pet type","ru":"Тип питомца"}', 'STATIC', 0);
INSERT INTO category_filter_options (id, filter_id, title, "order") VALUES ('01KJB9Q9YNW8ZRSE', '01KJB9Q9YNJWFSV9', '{"az":"İt","en":"Dog","ru":"Собака"}', 0);
INSERT INTO category_filter_options (id, filter_id, title, "order") VALUES ('01KJB9Q9YN4MMXG5', '01KJB9Q9YNJWFSV9', '{"az":"Pişik","en":"Cat","ru":"Кошка"}', 1);
INSERT INTO category_filter_options (id, filter_id, title, "order") VALUES ('01KJB9Q9YNNPY3CS', '01KJB9Q9YNJWFSV9', '{"az":"Quş","en":"Bird","ru":"Птица"}', 2);
INSERT INTO category_filter_options (id, filter_id, title, "order") VALUES ('01KJB9Q9YNBCMCYN', '01KJB9Q9YNJWFSV9', '{"az":"Digər","en":"Other","ru":"Другие"}', 3);
INSERT INTO category_filters (id, category_id, title, type, "order") VALUES ('01KJB9Q9YNVVCY4E', '01KJB9Q9YNE479ST', '{"az":"Növ","en":"Type","ru":"Тип"}', 'STATIC', 1);
INSERT INTO category_filter_options (id, filter_id, title, "order") VALUES ('01KJB9Q9YNN9SWCN', '01KJB9Q9YNVVCY4E', '{"az":"Parazitlərə qarşı","en":"Antiparasitic","ru":"Противопаразитарные"}', 0);
INSERT INTO category_filter_options (id, filter_id, title, "order") VALUES ('01KJB9Q9YNEG4T9R', '01KJB9Q9YNVVCY4E', '{"az":"Vitaminlər","en":"Vitamins","ru":"Витамины"}', 1);
INSERT INTO category_filter_options (id, filter_id, title, "order") VALUES ('01KJB9Q9YNFHE321', '01KJB9Q9YNVVCY4E', '{"az":"Vaksinlər","en":"Vaccines","ru":"Вакцины"}', 2);
INSERT INTO category_filter_options (id, filter_id, title, "order") VALUES ('01KJB9Q9YN6090WR', '01KJB9Q9YNVVCY4E', '{"az":"Antibiotiklər","en":"Antibiotics","ru":"Антибиотики"}', 3);

COMMIT;
