BEGIN;

-- ==========================================
-- Gözəllik və Sağlamlıq / Beauty & Health / Красота и здоровье
-- ==========================================
INSERT INTO categories (id, title, is_active, parent_id, has_options, type) VALUES ('01KJB9Q9YE9RHY1A', '{"az":"Gözəllik və Sağlamlıq","en":"Beauty & Health","ru":"Красота и здоровье"}', true, NULL, false, 'normal');
INSERT INTO category_filters (id, category_id, title, type, "order") VALUES ('01KJB9Q9YEBH99B9', '01KJB9Q9YE9RHY1A', '{"az":"Vəziyyəti","en":"Condition","ru":"Состояние"}', 'STATIC', 0);
INSERT INTO category_filter_options (id, filter_id, title, "order") VALUES ('01KJB9Q9YEM90PHA', '01KJB9Q9YEBH99B9', '{"az":"Yeni","en":"New","ru":"Новый"}', 0);
INSERT INTO category_filter_options (id, filter_id, title, "order") VALUES ('01KJB9Q9YEV876NJ', '01KJB9Q9YEBH99B9', '{"az":"İşlənmiş","en":"Used","ru":"Б/у"}', 1);
INSERT INTO category_filters (id, category_id, title, type, "order") VALUES ('01KJB9Q9YECFPJZX', '01KJB9Q9YE9RHY1A', '{"az":"Çatdırılma","en":"Delivery","ru":"Доставка"}', 'STATIC', 1);
INSERT INTO category_filter_options (id, filter_id, title, "order") VALUES ('01KJB9Q9YE7BR8QW', '01KJB9Q9YECFPJZX', '{"az":"Pulsuz","en":"Free","ru":"Бесплатно"}', 0);
INSERT INTO category_filter_options (id, filter_id, title, "order") VALUES ('01KJB9Q9YE1EEABE', '01KJB9Q9YECFPJZX', '{"az":"Ödənişli","en":"Paid","ru":"Платно"}', 1);
INSERT INTO category_filter_options (id, filter_id, title, "order") VALUES ('01KJB9Q9YE90G89X', '01KJB9Q9YECFPJZX', '{"az":"Yoxdur","en":"No","ru":"Нет"}', 2);
INSERT INTO categories (id, title, is_active, parent_id, has_options, type) VALUES ('01KJB9Q9YEDPA719', '{"az":"Parfümeriya","en":"Perfumes","ru":"Парфюмерия"}', true, '01KJB9Q9YE9RHY1A', true, 'normal');
INSERT INTO category_filters (id, category_id, title, type, "order") VALUES ('01KJB9Q9YENSQQCQ', '01KJB9Q9YEDPA719', '{"az":"Cins","en":"Gender","ru":"Пол"}', 'STATIC', 0);
INSERT INTO category_filter_options (id, filter_id, title, "order") VALUES ('01KJB9Q9YEBF6DFB', '01KJB9Q9YENSQQCQ', '{"az":"Kişi","en":"Men","ru":"Мужской"}', 0);
INSERT INTO category_filter_options (id, filter_id, title, "order") VALUES ('01KJB9Q9YE8VKJXG', '01KJB9Q9YENSQQCQ', '{"az":"Qadın","en":"Women","ru":"Женский"}', 1);
INSERT INTO category_filter_options (id, filter_id, title, "order") VALUES ('01KJB9Q9YE3HK5BK', '01KJB9Q9YENSQQCQ', '{"az":"Uniseks","en":"Unisex","ru":"Унисекс"}', 2);
INSERT INTO category_filters (id, category_id, title, type, "order") VALUES ('01KJB9Q9YETHS5XK', '01KJB9Q9YEDPA719', '{"az":"Həcm (ml)","en":"Volume (ml)","ru":"Объем (мл)"}', 'STATIC', 1);
INSERT INTO category_filter_options (id, filter_id, title, "order") VALUES ('01KJB9Q9YEFD77TP', '01KJB9Q9YETHS5XK', '{"az":"15ml","en":"15ml","ru":"15ml"}', 0);
INSERT INTO category_filter_options (id, filter_id, title, "order") VALUES ('01KJB9Q9YEQBZKKM', '01KJB9Q9YETHS5XK', '{"az":"30ml","en":"30ml","ru":"30ml"}', 1);
INSERT INTO category_filter_options (id, filter_id, title, "order") VALUES ('01KJB9Q9YEP6PQAP', '01KJB9Q9YETHS5XK', '{"az":"50ml","en":"50ml","ru":"50ml"}', 2);
INSERT INTO category_filter_options (id, filter_id, title, "order") VALUES ('01KJB9Q9YEZ9W6T9', '01KJB9Q9YETHS5XK', '{"az":"75ml","en":"75ml","ru":"75ml"}', 3);
INSERT INTO category_filter_options (id, filter_id, title, "order") VALUES ('01KJB9Q9YEVSABWM', '01KJB9Q9YETHS5XK', '{"az":"100ml","en":"100ml","ru":"100ml"}', 4);
INSERT INTO category_filter_options (id, filter_id, title, "order") VALUES ('01KJB9Q9YEFJ262H', '01KJB9Q9YETHS5XK', '{"az":"150ml","en":"150ml","ru":"150ml"}', 5);
INSERT INTO category_filter_options (id, filter_id, title, "order") VALUES ('01KJB9Q9YE3JT8K1', '01KJB9Q9YETHS5XK', '{"az":"200ml+","en":"200ml+","ru":"200ml+"}', 6);
INSERT INTO category_filters (id, category_id, title, type, "order") VALUES ('01KJB9Q9YEWERCA9', '01KJB9Q9YEDPA719', '{"az":"Növ","en":"Type","ru":"Тип"}', 'STATIC', 2);
INSERT INTO category_filter_options (id, filter_id, title, "order") VALUES ('01KJB9Q9YEGYAMGM', '01KJB9Q9YEWERCA9', '{"az":"Parfüm (EDP)","en":"EDP","ru":"EDP (парфюмерная вода)"}', 0);
INSERT INTO category_filter_options (id, filter_id, title, "order") VALUES ('01KJB9Q9YEY3TJQM', '01KJB9Q9YEWERCA9', '{"az":"Tualet suyu (EDT)","en":"EDT","ru":"EDT (туалетная вода)"}', 1);
INSERT INTO category_filter_options (id, filter_id, title, "order") VALUES ('01KJB9Q9YEWAPQYZ', '01KJB9Q9YEWERCA9', '{"az":"Deo Kolones","en":"EDC","ru":"Одеколон"}', 2);
INSERT INTO categories (id, title, is_active, parent_id, has_options, type) VALUES ('01KJB9Q9YEGYFB2Y', '{"az":"Dekorativ kosmetika","en":"Makeup","ru":"Декоративная косметика"}', true, '01KJB9Q9YE9RHY1A', true, 'normal');
INSERT INTO category_filters (id, category_id, title, type, "order") VALUES ('01KJB9Q9YEXR9XVK', '01KJB9Q9YEGYFB2Y', '{"az":"Növ","en":"Type","ru":"Тип"}', 'STATIC', 0);
INSERT INTO category_filter_options (id, filter_id, title, "order") VALUES ('01KJB9Q9YE2HX8B5', '01KJB9Q9YEXR9XVK', '{"az":"Rəng","en":"Foundation","ru":"Тональный крем"}', 0);
INSERT INTO category_filter_options (id, filter_id, title, "order") VALUES ('01KJB9Q9YE1B9CKN', '01KJB9Q9YEXR9XVK', '{"az":"Konsilyant","en":"Concealer","ru":"Консилер"}', 1);
INSERT INTO category_filter_options (id, filter_id, title, "order") VALUES ('01KJB9Q9YEM51RS6', '01KJB9Q9YEXR9XVK', '{"az":"Qaş qələmi","en":"Eyebrow pencil","ru":"Карандаш для бровей"}', 2);
INSERT INTO category_filter_options (id, filter_id, title, "order") VALUES ('01KJB9Q9YE07QJZZ', '01KJB9Q9YEXR9XVK', '{"az":"Göz kölgəsi","en":"Eyeshadow","ru":"Тени для век"}', 3);
INSERT INTO category_filter_options (id, filter_id, title, "order") VALUES ('01KJB9Q9YEG630DB', '01KJB9Q9YEXR9XVK', '{"az":"Tuşlar","en":"Mascara","ru":"Тушь"}', 4);
INSERT INTO category_filter_options (id, filter_id, title, "order") VALUES ('01KJB9Q9YEJEA99N', '01KJB9Q9YEXR9XVK', '{"az":"Dodaq boyası","en":"Lipstick","ru":"Помада"}', 5);
INSERT INTO category_filter_options (id, filter_id, title, "order") VALUES ('01KJB9Q9YEYE672X', '01KJB9Q9YEXR9XVK', '{"az":"Blusher","en":"Blush/Rouge","ru":"Румяна"}', 6);
INSERT INTO category_filter_options (id, filter_id, title, "order") VALUES ('01KJB9Q9YEXT4KXW', '01KJB9Q9YEXR9XVK', '{"az":"Kist dəsti","en":"Brush set","ru":"Набор кистей"}', 7);
INSERT INTO category_filters (id, category_id, title, type, "order") VALUES ('01KJB9Q9YE7YHT61', '01KJB9Q9YEGYFB2Y', '{"az":"Marka","en":"Brand","ru":"Марка"}', 'STATIC', 1);
INSERT INTO category_filter_options (id, filter_id, title, "order") VALUES ('01KJB9Q9YEF6ES1B', '01KJB9Q9YE7YHT61', '{"az":"L''Oreal","en":"L''Oreal","ru":"L''Oreal"}', 0);
INSERT INTO category_filter_options (id, filter_id, title, "order") VALUES ('01KJB9Q9YE4D3X27', '01KJB9Q9YE7YHT61', '{"az":"Maybelline","en":"Maybelline","ru":"Maybelline"}', 1);
INSERT INTO category_filter_options (id, filter_id, title, "order") VALUES ('01KJB9Q9YEEBF64Y', '01KJB9Q9YE7YHT61', '{"az":"MAC","en":"MAC","ru":"MAC"}', 2);
INSERT INTO category_filter_options (id, filter_id, title, "order") VALUES ('01KJB9Q9YE62Z487', '01KJB9Q9YE7YHT61', '{"az":"NYX","en":"NYX","ru":"NYX"}', 3);
INSERT INTO category_filter_options (id, filter_id, title, "order") VALUES ('01KJB9Q9YE9N7XMM', '01KJB9Q9YE7YHT61', '{"az":"Revolution","en":"Revolution","ru":"Revolution"}', 4);
INSERT INTO category_filter_options (id, filter_id, title, "order") VALUES ('01KJB9Q9YE62QZG1', '01KJB9Q9YE7YHT61', '{"az":"Catrice","en":"Catrice","ru":"Catrice"}', 5);
INSERT INTO category_filter_options (id, filter_id, title, "order") VALUES ('01KJB9Q9YERFWBXG', '01KJB9Q9YE7YHT61', '{"az":"Digər","en":"Other","ru":"Другое"}', 6);
INSERT INTO categories (id, title, is_active, parent_id, has_options, type) VALUES ('01KJB9Q9YE2E8PDX', '{"az":"Üz və bədən baxımı","en":"Face & body care","ru":"Уход за лицом и телом"}', true, '01KJB9Q9YE9RHY1A', true, 'normal');
INSERT INTO category_filters (id, category_id, title, type, "order") VALUES ('01KJB9Q9YENKHHE5', '01KJB9Q9YE2E8PDX', '{"az":"Cins","en":"Gender","ru":"Пол"}', 'STATIC', 0);
INSERT INTO category_filter_options (id, filter_id, title, "order") VALUES ('01KJB9Q9YEN9TD3G', '01KJB9Q9YENKHHE5', '{"az":"Kişi","en":"Men","ru":"Мужской"}', 0);
INSERT INTO category_filter_options (id, filter_id, title, "order") VALUES ('01KJB9Q9YEBA8KA0', '01KJB9Q9YENKHHE5', '{"az":"Qadın","en":"Women","ru":"Женский"}', 1);
INSERT INTO category_filter_options (id, filter_id, title, "order") VALUES ('01KJB9Q9YE1JJMKJ', '01KJB9Q9YENKHHE5', '{"az":"Uniseks","en":"Unisex","ru":"Унисекс"}', 2);
INSERT INTO category_filters (id, category_id, title, type, "order") VALUES ('01KJB9Q9YEVD41DJ', '01KJB9Q9YE2E8PDX', '{"az":"Növ","en":"Type","ru":"Тип"}', 'STATIC', 1);
INSERT INTO category_filter_options (id, filter_id, title, "order") VALUES ('01KJB9Q9YE8PYSK3', '01KJB9Q9YEVD41DJ', '{"az":"Yuzu","en":"Cleanser/Wash","ru":"Умывалка"}', 0);
INSERT INTO category_filter_options (id, filter_id, title, "order") VALUES ('01KJB9Q9YER5D94W', '01KJB9Q9YEVD41DJ', '{"az":"Krem","en":"Cream","ru":"Крем"}', 1);
INSERT INTO category_filter_options (id, filter_id, title, "order") VALUES ('01KJB9Q9YE0YVG8B', '01KJB9Q9YEVD41DJ', '{"az":"Serum","en":"Serum","ru":"Сыворотка"}', 2);
INSERT INTO category_filter_options (id, filter_id, title, "order") VALUES ('01KJB9Q9YEEBCPTR', '01KJB9Q9YEVD41DJ', '{"az":"Maska","en":"Mask","ru":"Маска"}', 3);
INSERT INTO category_filter_options (id, filter_id, title, "order") VALUES ('01KJB9Q9YEKHCVGV', '01KJB9Q9YEVD41DJ', '{"az":"Sürtücü","en":"Scrub","ru":"Скраб"}', 4);
INSERT INTO category_filter_options (id, filter_id, title, "order") VALUES ('01KJB9Q9YEH3N37Y', '01KJB9Q9YEVD41DJ', '{"az":"Loyon","en":"Lotion","ru":"Лосьон"}', 5);
INSERT INTO category_filter_options (id, filter_id, title, "order") VALUES ('01KJB9Q9YEJW7GNN', '01KJB9Q9YEVD41DJ', '{"az":"Badan yağı","en":"Body oil","ru":"Масло для тела"}', 6);
INSERT INTO category_filter_options (id, filter_id, title, "order") VALUES ('01KJB9Q9YEN78K7G', '01KJB9Q9YEVD41DJ', '{"az":"SPF krem","en":"SPF cream","ru":"Крем с SPF"}', 7);
INSERT INTO categories (id, title, is_active, parent_id, has_options, type) VALUES ('01KJB9Q9YE5TT4MG', '{"az":"Saç baxımı","en":"Hair care","ru":"Уход за волосами"}', true, '01KJB9Q9YE9RHY1A', true, 'normal');
INSERT INTO category_filters (id, category_id, title, type, "order") VALUES ('01KJB9Q9YEQ9Z2V5', '01KJB9Q9YE5TT4MG', '{"az":"Növ","en":"Type","ru":"Тип"}', 'STATIC', 0);
INSERT INTO category_filter_options (id, filter_id, title, "order") VALUES ('01KJB9Q9YEQF6CRD', '01KJB9Q9YEQ9Z2V5', '{"az":"Şampun","en":"Shampoo","ru":"Шампунь"}', 0);
INSERT INTO category_filter_options (id, filter_id, title, "order") VALUES ('01KJB9Q9YE5JTHCY', '01KJB9Q9YEQ9Z2V5', '{"az":"Balzam","en":"Conditioner","ru":"Кондиционер"}', 1);
INSERT INTO category_filter_options (id, filter_id, title, "order") VALUES ('01KJB9Q9YE58MTW3', '01KJB9Q9YEQ9Z2V5', '{"az":"Saç maskası","en":"Hair mask","ru":"Маска для волос"}', 2);
INSERT INTO category_filter_options (id, filter_id, title, "order") VALUES ('01KJB9Q9YFDGDNY3', '01KJB9Q9YEQ9Z2V5', '{"az":"Saç yağı","en":"Hair oil","ru":"Масло для волос"}', 3);
INSERT INTO category_filter_options (id, filter_id, title, "order") VALUES ('01KJB9Q9YFT748QA', '01KJB9Q9YEQ9Z2V5', '{"az":"Üçün laklar","en":"Hair spray","ru":"Лак для волос"}', 4);
INSERT INTO category_filter_options (id, filter_id, title, "order") VALUES ('01KJB9Q9YF3MNMD9', '01KJB9Q9YEQ9Z2V5', '{"az":"Saç boyası","en":"Hair dye","ru":"Краска для волос"}', 5);
INSERT INTO category_filters (id, category_id, title, type, "order") VALUES ('01KJB9Q9YFC38GEQ', '01KJB9Q9YE5TT4MG', '{"az":"Saç tipi","en":"Hair type","ru":"Тип волос"}', 'STATIC', 1);
INSERT INTO category_filter_options (id, filter_id, title, "order") VALUES ('01KJB9Q9YFP06HZT', '01KJB9Q9YFC38GEQ', '{"az":"Yağlı","en":"Oily","ru":"Жирные"}', 0);
INSERT INTO category_filter_options (id, filter_id, title, "order") VALUES ('01KJB9Q9YF0YQ5RK', '01KJB9Q9YFC38GEQ', '{"az":"Quru","en":"Dry","ru":"Сухие"}', 1);
INSERT INTO category_filter_options (id, filter_id, title, "order") VALUES ('01KJB9Q9YFXG5Z4W', '01KJB9Q9YFC38GEQ', '{"az":"Normal","en":"Normal","ru":"Нормальные"}', 2);
INSERT INTO category_filter_options (id, filter_id, title, "order") VALUES ('01KJB9Q9YFP3PAH7', '01KJB9Q9YFC38GEQ', '{"az":"Zərli","en":"Damaged","ru":"Поврежденные"}', 3);
INSERT INTO category_filter_options (id, filter_id, title, "order") VALUES ('01KJB9Q9YFNTC4H2', '01KJB9Q9YFC38GEQ', '{"az":"Rənglənmiş","en":"Color-treated","ru":"Окрашенные"}', 4);
INSERT INTO categories (id, title, is_active, parent_id, has_options, type) VALUES ('01KJB9Q9YFN4VX00', '{"az":"Çəki atmaq və diet","en":"Weight loss & diet","ru":"Похудение и диета"}', true, '01KJB9Q9YE9RHY1A', true, 'normal');
INSERT INTO category_filters (id, category_id, title, type, "order") VALUES ('01KJB9Q9YFZNRCZ2', '01KJB9Q9YFN4VX00', '{"az":"Növ","en":"Type","ru":"Тип"}', 'STATIC', 0);
INSERT INTO category_filter_options (id, filter_id, title, "order") VALUES ('01KJB9Q9YFRGAHY4', '01KJB9Q9YFZNRCZ2', '{"az":"Yağ yandıranlar","en":"Fat burners","ru":"Жиросжигатели"}', 0);
INSERT INTO category_filter_options (id, filter_id, title, "order") VALUES ('01KJB9Q9YFXJ2W4D', '01KJB9Q9YFZNRCZ2', '{"az":"Protein tozu","en":"Protein powder","ru":"Протеин"}', 1);
INSERT INTO category_filter_options (id, filter_id, title, "order") VALUES ('01KJB9Q9YF1MEXKK', '01KJB9Q9YFZNRCZ2', '{"az":"Detoks/Çay","en":"Detox/Tea","ru":"Детокс/Чай"}', 2);
INSERT INTO category_filter_options (id, filter_id, title, "order") VALUES ('01KJB9Q9YFMR23T1', '01KJB9Q9YFZNRCZ2', '{"az":"Vitamin kompleksləri","en":"Vitamin complexes","ru":"Витаминные комплексы"}', 3);
INSERT INTO categories (id, title, is_active, parent_id, has_options, type) VALUES ('01KJB9Q9YFX6E4X4', '{"az":"Dırnaq baxımı və alətləri","en":"Nail care & tools","ru":"Маникюр и инструменты"}', true, '01KJB9Q9YE9RHY1A', true, 'normal');
INSERT INTO category_filters (id, category_id, title, type, "order") VALUES ('01KJB9Q9YF1GS8YS', '01KJB9Q9YFX6E4X4', '{"az":"Növ","en":"Type","ru":"Тип"}', 'STATIC', 0);
INSERT INTO category_filter_options (id, filter_id, title, "order") VALUES ('01KJB9Q9YFXY1270', '01KJB9Q9YF1GS8YS', '{"az":"Dırnaq lakı","en":"Nail polish","ru":"Лак для ногтей"}', 0);
INSERT INTO category_filter_options (id, filter_id, title, "order") VALUES ('01KJB9Q9YFBBD70T', '01KJB9Q9YF1GS8YS', '{"az":"Dırnaq geli","en":"Gel polish","ru":"Гель-лак"}', 1);
INSERT INTO category_filter_options (id, filter_id, title, "order") VALUES ('01KJB9Q9YF7ZH3MD', '01KJB9Q9YF1GS8YS', '{"az":"UV/LED lampa","en":"UV/LED lamp","ru":"UV/LED лампа"}', 2);
INSERT INTO category_filter_options (id, filter_id, title, "order") VALUES ('01KJB9Q9YFD27ZV9', '01KJB9Q9YF1GS8YS', '{"az":"Dırnaq alətləri","en":"Nail tools set","ru":"Набор инструментов"}', 3);
INSERT INTO category_filter_options (id, filter_id, title, "order") VALUES ('01KJB9Q9YF1E6QCM', '01KJB9Q9YF1GS8YS', '{"az":"Yapışdırma dırnaqlar","en":"Nail tips","ru":"Накладные ногти"}', 4);
INSERT INTO categories (id, title, is_active, parent_id, has_options, type) VALUES ('01KJB9Q9YFTQAQHV', '{"az":"Optika","en":"Optics & lenses","ru":"Оптика"}', true, '01KJB9Q9YE9RHY1A', true, 'normal');
INSERT INTO category_filters (id, category_id, title, type, "order") VALUES ('01KJB9Q9YFDN5DTE', '01KJB9Q9YFTQAQHV', '{"az":"Növ","en":"Type","ru":"Тип"}', 'STATIC', 0);
INSERT INTO category_filter_options (id, filter_id, title, "order") VALUES ('01KJB9Q9YF56C395', '01KJB9Q9YFDN5DTE', '{"az":"Günlük linza","en":"Daily lenses","ru":"Однодневные линзы"}', 0);
INSERT INTO category_filter_options (id, filter_id, title, "order") VALUES ('01KJB9Q9YFRAKHRW', '01KJB9Q9YFDN5DTE', '{"az":"Aylıq linza","en":"Monthly lenses","ru":"Месячные линзы"}', 1);
INSERT INTO category_filter_options (id, filter_id, title, "order") VALUES ('01KJB9Q9YFYYY21A', '01KJB9Q9YFDN5DTE', '{"az":"Rəngli linza","en":"Color lenses","ru":"Цветные линзы"}', 2);
INSERT INTO category_filter_options (id, filter_id, title, "order") VALUES ('01KJB9Q9YFWKTNPE', '01KJB9Q9YFDN5DTE', '{"az":"Optik gözlük","en":"Optical frames","ru":"Оправы"}', 3);
INSERT INTO category_filters (id, category_id, title, type, "order") VALUES ('01KJB9Q9YFBVYS2R', '01KJB9Q9YFTQAQHV', '{"az":"Dioptri","en":"Dioptres","ru":"Диоптрии"}', 'DYNAMIC', 1);
INSERT INTO categories (id, title, is_active, parent_id, has_options, type) VALUES ('01KJB9Q9YFVTQ3RF', '{"az":"Tibbi vasitələr və aparatlar","en":"Medical supplies & devices","ru":"Медицинские товары"}', true, '01KJB9Q9YE9RHY1A', true, 'normal');
INSERT INTO category_filters (id, category_id, title, type, "order") VALUES ('01KJB9Q9YFDVZSQX', '01KJB9Q9YFVTQ3RF', '{"az":"Növ","en":"Type","ru":"Тип"}', 'STATIC', 0);
INSERT INTO category_filter_options (id, filter_id, title, "order") VALUES ('01KJB9Q9YFJTR562', '01KJB9Q9YFDVZSQX', '{"az":"Tonometr","en":"Blood pressure monitor","ru":"Тонометр"}', 0);
INSERT INTO category_filter_options (id, filter_id, title, "order") VALUES ('01KJB9Q9YFVAJXYN', '01KJB9Q9YFDVZSQX', '{"az":"Qlukometre","en":"Glucometer","ru":"Глюкометр"}', 1);
INSERT INTO category_filter_options (id, filter_id, title, "order") VALUES ('01KJB9Q9YFEEMEZ9', '01KJB9Q9YFDVZSQX', '{"az":"Nəbzölçən","en":"Pulse oximeter","ru":"Пульсоксиметр"}', 2);
INSERT INTO category_filter_options (id, filter_id, title, "order") VALUES ('01KJB9Q9YF9FTPY5', '01KJB9Q9YFDVZSQX', '{"az":"Massajçı","en":"Massager","ru":"Массажер"}', 3);
INSERT INTO category_filter_options (id, filter_id, title, "order") VALUES ('01KJB9Q9YFGW40HC', '01KJB9Q9YFDVZSQX', '{"az":"Invakar","en":"Wheelchair","ru":"Инвалидное кресло"}', 4);
INSERT INTO category_filter_options (id, filter_id, title, "order") VALUES ('01KJB9Q9YFC1MTSE', '01KJB9Q9YFDVZSQX', '{"az":"Krujka","en":"Crutches","ru":"Костыли"}', 5);
INSERT INTO category_filter_options (id, filter_id, title, "order") VALUES ('01KJB9Q9YF90454Y', '01KJB9Q9YFDVZSQX', '{"az":"Aptechka","en":"First aid kit","ru":"Аптечка"}', 6);
INSERT INTO category_filter_options (id, filter_id, title, "order") VALUES ('01KJB9Q9YFAP2FM1', '01KJB9Q9YFDVZSQX', '{"az":"Bandaj/Ortez","en":"Bandage/Brace","ru":"Бандаж/Ортез"}', 7);

COMMIT;
