BEGIN;

-- ==========================================
-- Uşaq aləmi / Kids & Baby / Детский мир
-- ==========================================
INSERT INTO categories (id, title, is_active, parent_id, has_options, type) VALUES ('01KJB9Q9YBEM65B5', '{"az":"Uşaq aləmi","en":"Kids & Baby","ru":"Детский мир"}', true, NULL, false, 'normal');
INSERT INTO category_filters (id, category_id, title, type, "order") VALUES ('01KJB9Q9YCRFE08D', '01KJB9Q9YBEM65B5', '{"az":"Vəziyyəti","en":"Condition","ru":"Состояние"}', 'STATIC', 0);
INSERT INTO category_filter_options (id, filter_id, title, "order") VALUES ('01KJB9Q9YCKD5M04', '01KJB9Q9YCRFE08D', '{"az":"Yeni","en":"New","ru":"Новый"}', 0);
INSERT INTO category_filter_options (id, filter_id, title, "order") VALUES ('01KJB9Q9YCPFPWVT', '01KJB9Q9YCRFE08D', '{"az":"İşlənmiş","en":"Used","ru":"Б/у"}', 1);
INSERT INTO category_filters (id, category_id, title, type, "order") VALUES ('01KJB9Q9YCX7KTAD', '01KJB9Q9YBEM65B5', '{"az":"Çatdırılma","en":"Delivery","ru":"Доставка"}', 'STATIC', 1);
INSERT INTO category_filter_options (id, filter_id, title, "order") VALUES ('01KJB9Q9YC5MPY7J', '01KJB9Q9YCX7KTAD', '{"az":"Pulsuz","en":"Free","ru":"Бесплатно"}', 0);
INSERT INTO category_filter_options (id, filter_id, title, "order") VALUES ('01KJB9Q9YCRCRZYF', '01KJB9Q9YCX7KTAD', '{"az":"Ödənişli","en":"Paid","ru":"Платно"}', 1);
INSERT INTO category_filter_options (id, filter_id, title, "order") VALUES ('01KJB9Q9YCFE88EB', '01KJB9Q9YCX7KTAD', '{"az":"Yoxdur","en":"No","ru":"Нет"}', 2);
INSERT INTO category_filters (id, category_id, title, type, "order") VALUES ('01KJB9Q9YC2YR17T', '01KJB9Q9YBEM65B5', '{"az":"Cins","en":"Gender","ru":"Пол"}', 'STATIC', 2);
INSERT INTO category_filter_options (id, filter_id, title, "order") VALUES ('01KJB9Q9YCKX055N', '01KJB9Q9YC2YR17T', '{"az":"Kişi","en":"Men","ru":"Мужской"}', 0);
INSERT INTO category_filter_options (id, filter_id, title, "order") VALUES ('01KJB9Q9YCDH5744', '01KJB9Q9YC2YR17T', '{"az":"Qadın","en":"Women","ru":"Женский"}', 1);
INSERT INTO category_filter_options (id, filter_id, title, "order") VALUES ('01KJB9Q9YCEDSPVC', '01KJB9Q9YC2YR17T', '{"az":"Uniseks","en":"Unisex","ru":"Унисекс"}', 2);
INSERT INTO categories (id, title, is_active, parent_id, has_options, type) VALUES ('01KJB9Q9YCAJ9T52', '{"az":"Uşaq geyimləri","en":"Kids clothing","ru":"Детская одежда"}', true, '01KJB9Q9YBEM65B5', true, 'normal');
INSERT INTO category_filters (id, category_id, title, type, "order") VALUES ('01KJB9Q9YC4P4XXX', '01KJB9Q9YCAJ9T52', '{"az":"Yaş","en":"Age","ru":"Возраст"}', 'STATIC', 0);
INSERT INTO category_filter_options (id, filter_id, title, "order") VALUES ('01KJB9Q9YCA51QXS', '01KJB9Q9YC4P4XXX', '{"az":"0-3 ay","en":"0-3 months","ru":"0-3 мес"}', 0);
INSERT INTO category_filter_options (id, filter_id, title, "order") VALUES ('01KJB9Q9YCBHJC6Q', '01KJB9Q9YC4P4XXX', '{"az":"3-6 ay","en":"3-6 months","ru":"3-6 мес"}', 1);
INSERT INTO category_filter_options (id, filter_id, title, "order") VALUES ('01KJB9Q9YCCVJVK2', '01KJB9Q9YC4P4XXX', '{"az":"6-12 ay","en":"6-12 months","ru":"6-12 мес"}', 2);
INSERT INTO category_filter_options (id, filter_id, title, "order") VALUES ('01KJB9Q9YCVZMXM2', '01KJB9Q9YC4P4XXX', '{"az":"1-2 yaş","en":"1-2 years","ru":"1-2 года"}', 3);
INSERT INTO category_filter_options (id, filter_id, title, "order") VALUES ('01KJB9Q9YC2XSJMX', '01KJB9Q9YC4P4XXX', '{"az":"2-4 yaş","en":"2-4 years","ru":"2-4 года"}', 4);
INSERT INTO category_filter_options (id, filter_id, title, "order") VALUES ('01KJB9Q9YC1DDTRT', '01KJB9Q9YC4P4XXX', '{"az":"4-6 yaş","en":"4-6 years","ru":"4-6 лет"}', 5);
INSERT INTO category_filter_options (id, filter_id, title, "order") VALUES ('01KJB9Q9YCH5ECNX', '01KJB9Q9YC4P4XXX', '{"az":"6-10 yaş","en":"6-10 years","ru":"6-10 лет"}', 6);
INSERT INTO category_filter_options (id, filter_id, title, "order") VALUES ('01KJB9Q9YC1S4JSR', '01KJB9Q9YC4P4XXX', '{"az":"10-14 yaş","en":"10-14 years","ru":"10-14 лет"}', 7);
INSERT INTO category_filter_options (id, filter_id, title, "order") VALUES ('01KJB9Q9YCK2KG6N', '01KJB9Q9YC4P4XXX', '{"az":"14+ yaş","en":"14+ years","ru":"14+ лет"}', 8);
INSERT INTO category_filters (id, category_id, title, type, "order") VALUES ('01KJB9Q9YCH3W5ET', '01KJB9Q9YCAJ9T52', '{"az":"Mövsüm","en":"Season","ru":"Сезон"}', 'STATIC', 1);
INSERT INTO category_filter_options (id, filter_id, title, "order") VALUES ('01KJB9Q9YCRZ9WTM', '01KJB9Q9YCH3W5ET', '{"az":"Yay","en":"Summer","ru":"Лето"}', 0);
INSERT INTO category_filter_options (id, filter_id, title, "order") VALUES ('01KJB9Q9YC040XEJ', '01KJB9Q9YCH3W5ET', '{"az":"Qış","en":"Winter","ru":"Зима"}', 1);
INSERT INTO category_filter_options (id, filter_id, title, "order") VALUES ('01KJB9Q9YCVSS0HY', '01KJB9Q9YCH3W5ET', '{"az":"Mövsümdən asılı olmayan","en":"All season","ru":"Демисезон"}', 2);
INSERT INTO categories (id, title, is_active, parent_id, has_options, type) VALUES ('01KJB9Q9YCRFF024', '{"az":"Uşaq ayaqqabıları","en":"Kids shoes","ru":"Детская обувь"}', true, '01KJB9Q9YBEM65B5', true, 'normal');
INSERT INTO category_filters (id, category_id, title, type, "order") VALUES ('01KJB9Q9YCND5MNJ', '01KJB9Q9YCRFF024', '{"az":"Ölçü (Ayaqqabı)","en":"Shoe Size","ru":"Размер обуви"}', 'STATIC', 0);
INSERT INTO category_filter_options (id, filter_id, title, "order") VALUES ('01KJB9Q9YCF6VGT0', '01KJB9Q9YCND5MNJ', '{"az":"35","en":"35","ru":"35"}', 0);
INSERT INTO category_filter_options (id, filter_id, title, "order") VALUES ('01KJB9Q9YCQRHV3T', '01KJB9Q9YCND5MNJ', '{"az":"36","en":"36","ru":"36"}', 1);
INSERT INTO category_filter_options (id, filter_id, title, "order") VALUES ('01KJB9Q9YC8GPW0Q', '01KJB9Q9YCND5MNJ', '{"az":"37","en":"37","ru":"37"}', 2);
INSERT INTO category_filter_options (id, filter_id, title, "order") VALUES ('01KJB9Q9YCCZ2CWK', '01KJB9Q9YCND5MNJ', '{"az":"38","en":"38","ru":"38"}', 3);
INSERT INTO category_filter_options (id, filter_id, title, "order") VALUES ('01KJB9Q9YC7D6NQK', '01KJB9Q9YCND5MNJ', '{"az":"39","en":"39","ru":"39"}', 4);
INSERT INTO category_filter_options (id, filter_id, title, "order") VALUES ('01KJB9Q9YC2Z0Y4S', '01KJB9Q9YCND5MNJ', '{"az":"40","en":"40","ru":"40"}', 5);
INSERT INTO category_filter_options (id, filter_id, title, "order") VALUES ('01KJB9Q9YC8PWBM6', '01KJB9Q9YCND5MNJ', '{"az":"41","en":"41","ru":"41"}', 6);
INSERT INTO category_filter_options (id, filter_id, title, "order") VALUES ('01KJB9Q9YC1NJT41', '01KJB9Q9YCND5MNJ', '{"az":"42","en":"42","ru":"42"}', 7);
INSERT INTO category_filter_options (id, filter_id, title, "order") VALUES ('01KJB9Q9YC3KKS6H', '01KJB9Q9YCND5MNJ', '{"az":"43","en":"43","ru":"43"}', 8);
INSERT INTO category_filter_options (id, filter_id, title, "order") VALUES ('01KJB9Q9YCB0NSWV', '01KJB9Q9YCND5MNJ', '{"az":"44","en":"44","ru":"44"}', 9);
INSERT INTO category_filter_options (id, filter_id, title, "order") VALUES ('01KJB9Q9YCADDNGK', '01KJB9Q9YCND5MNJ', '{"az":"45","en":"45","ru":"45"}', 10);
INSERT INTO category_filter_options (id, filter_id, title, "order") VALUES ('01KJB9Q9YCWDWWAP', '01KJB9Q9YCND5MNJ', '{"az":"46+","en":"46+","ru":"46+"}', 11);
INSERT INTO category_filters (id, category_id, title, type, "order") VALUES ('01KJB9Q9YC4N46VZ', '01KJB9Q9YCRFF024', '{"az":"Növ","en":"Type","ru":"Тип"}', 'STATIC', 1);
INSERT INTO category_filter_options (id, filter_id, title, "order") VALUES ('01KJB9Q9YCYKYFF2', '01KJB9Q9YC4N46VZ', '{"az":"Krossovka","en":"Sneakers","ru":"Кроссовки"}', 0);
INSERT INTO category_filter_options (id, filter_id, title, "order") VALUES ('01KJB9Q9YCMXWCE3', '01KJB9Q9YC4N46VZ', '{"az":"Sandal","en":"Sandals","ru":"Сандалии"}', 1);
INSERT INTO category_filter_options (id, filter_id, title, "order") VALUES ('01KJB9Q9YC8QXKQ2', '01KJB9Q9YC4N46VZ', '{"az":"Çəkmə","en":"Boots","ru":"Ботинки"}', 2);
INSERT INTO category_filter_options (id, filter_id, title, "order") VALUES ('01KJB9Q9YCETMJZX', '01KJB9Q9YC4N46VZ', '{"az":"Slipper","en":"Slippers","ru":"Тапочки"}', 3);
INSERT INTO categories (id, title, is_active, parent_id, has_options, type) VALUES ('01KJB9Q9YCJZRGX8', '{"az":"Uşaq otağı mebeli","en":"Kids room furniture","ru":"Детская мебель"}', true, '01KJB9Q9YBEM65B5', true, 'normal');
INSERT INTO category_filters (id, category_id, title, type, "order") VALUES ('01KJB9Q9YC9HZ3QS', '01KJB9Q9YCJZRGX8', '{"az":"Növ","en":"Type","ru":"Тип"}', 'STATIC', 0);
INSERT INTO category_filter_options (id, filter_id, title, "order") VALUES ('01KJB9Q9YCA6W8SA', '01KJB9Q9YC9HZ3QS', '{"az":"Uşaq çarpayısı","en":"Kids bed","ru":"Детская кровать"}', 0);
INSERT INTO category_filter_options (id, filter_id, title, "order") VALUES ('01KJB9Q9YCEXHRWB', '01KJB9Q9YC9HZ3QS', '{"az":"Körpə beşiyi","en":"Crib","ru":"Колыбель"}', 1);
INSERT INTO category_filter_options (id, filter_id, title, "order") VALUES ('01KJB9Q9YC6S8X61', '01KJB9Q9YC9HZ3QS', '{"az":"Oyun masası","en":"Play table","ru":"Игровой стол"}', 2);
INSERT INTO category_filter_options (id, filter_id, title, "order") VALUES ('01KJB9Q9YC07MXH0', '01KJB9Q9YC9HZ3QS', '{"az":"Stul","en":"Chair","ru":"Стул"}', 3);
INSERT INTO category_filter_options (id, filter_id, title, "order") VALUES ('01KJB9Q9YCS0AYX3', '01KJB9Q9YC9HZ3QS', '{"az":"Şkaf","en":"Wardrobe","ru":"Шкаф"}', 4);
INSERT INTO category_filter_options (id, filter_id, title, "order") VALUES ('01KJB9Q9YCYHV9S8', '01KJB9Q9YC9HZ3QS', '{"az":"Rəf","en":"Shelf","ru":"Полка"}', 5);
INSERT INTO category_filters (id, category_id, title, type, "order") VALUES ('01KJB9Q9YCMMEFJK', '01KJB9Q9YCJZRGX8', '{"az":"Yaş qrupu","en":"Age group","ru":"Возрастная группа"}', 'STATIC', 1);
INSERT INTO category_filter_options (id, filter_id, title, "order") VALUES ('01KJB9Q9YC0V84Y7', '01KJB9Q9YCMMEFJK', '{"az":"0-3 yaş","en":"0-3 years","ru":"0-3 лет"}', 0);
INSERT INTO category_filter_options (id, filter_id, title, "order") VALUES ('01KJB9Q9YCPHAE69', '01KJB9Q9YCMMEFJK', '{"az":"3-7 yaş","en":"3-7 years","ru":"3-7 лет"}', 1);
INSERT INTO category_filter_options (id, filter_id, title, "order") VALUES ('01KJB9Q9YCNQM9F1', '01KJB9Q9YCMMEFJK', '{"az":"7-14 yaş","en":"7-14 years","ru":"7-14 лет"}', 2);
INSERT INTO categories (id, title, is_active, parent_id, has_options, type) VALUES ('01KJB9Q9YC159KJ6', '{"az":"Oyuncaqlar və əyləncə","en":"Toys & games","ru":"Игрушки"}', true, '01KJB9Q9YBEM65B5', true, 'normal');
INSERT INTO category_filters (id, category_id, title, type, "order") VALUES ('01KJB9Q9YCTK1C1M', '01KJB9Q9YC159KJ6', '{"az":"Yaş","en":"Age","ru":"Возраст"}', 'STATIC', 0);
INSERT INTO category_filter_options (id, filter_id, title, "order") VALUES ('01KJB9Q9YC8GJB7P', '01KJB9Q9YCTK1C1M', '{"az":"0-2","en":"0-2","ru":"0-2"}', 0);
INSERT INTO category_filter_options (id, filter_id, title, "order") VALUES ('01KJB9Q9YC68SD89', '01KJB9Q9YCTK1C1M', '{"az":"3-5","en":"3-5","ru":"3-5"}', 1);
INSERT INTO category_filter_options (id, filter_id, title, "order") VALUES ('01KJB9Q9YCKZW328', '01KJB9Q9YCTK1C1M', '{"az":"6-9","en":"6-9","ru":"6-9"}', 2);
INSERT INTO category_filter_options (id, filter_id, title, "order") VALUES ('01KJB9Q9YC01CB56', '01KJB9Q9YCTK1C1M', '{"az":"9-12","en":"9-12","ru":"9-12"}', 3);
INSERT INTO category_filter_options (id, filter_id, title, "order") VALUES ('01KJB9Q9YCXR9QA6', '01KJB9Q9YCTK1C1M', '{"az":"12+","en":"12+","ru":"12+"}', 4);
INSERT INTO category_filters (id, category_id, title, type, "order") VALUES ('01KJB9Q9YCSAEMVQ', '01KJB9Q9YC159KJ6', '{"az":"Növ","en":"Type","ru":"Тип"}', 'STATIC', 1);
INSERT INTO category_filter_options (id, filter_id, title, "order") VALUES ('01KJB9Q9YCYM1FZ6', '01KJB9Q9YCSAEMVQ', '{"az":"Yumşaq oyuncaq","en":"Soft toy","ru":"Мягкая игрушка"}', 0);
INSERT INTO category_filter_options (id, filter_id, title, "order") VALUES ('01KJB9Q9YC3NT4WH', '01KJB9Q9YCSAEMVQ', '{"az":"Konstruktor","en":"Constructor/Lego","ru":"Конструктор"}', 1);
INSERT INTO category_filter_options (id, filter_id, title, "order") VALUES ('01KJB9Q9YC8JDYSM', '01KJB9Q9YCSAEMVQ', '{"az":"Lövhə oyunu","en":"Board game","ru":"Настольная игра"}', 2);
INSERT INTO category_filter_options (id, filter_id, title, "order") VALUES ('01KJB9Q9YCQ9G9BE', '01KJB9Q9YCSAEMVQ', '{"az":"Avtomobil/RC","en":"Car/RC toy","ru":"Машинки/RC"}', 3);
INSERT INTO category_filter_options (id, filter_id, title, "order") VALUES ('01KJB9Q9YCQQ7F3F', '01KJB9Q9YCSAEMVQ', '{"az":"Kukla","en":"Doll","ru":"Кукла"}', 4);
INSERT INTO category_filter_options (id, filter_id, title, "order") VALUES ('01KJB9Q9YCP6T2ZT', '01KJB9Q9YCSAEMVQ', '{"az":"Tapmaça","en":"Puzzle","ru":"Пазл"}', 5);
INSERT INTO categories (id, title, is_active, parent_id, has_options, type) VALUES ('01KJB9Q9YCA9SYB0', '{"az":"Uşaq arabaları və oturacaqlar","en":"Strollers & Car seats","ru":"Коляски и автокресла"}', true, '01KJB9Q9YBEM65B5', true, 'normal');
INSERT INTO category_filters (id, category_id, title, type, "order") VALUES ('01KJB9Q9YCV6T71F', '01KJB9Q9YCA9SYB0', '{"az":"Növ","en":"Type","ru":"Тип"}', 'STATIC', 0);
INSERT INTO category_filter_options (id, filter_id, title, "order") VALUES ('01KJB9Q9YCDE4W0R', '01KJB9Q9YCV6T71F', '{"az":"Universal araba","en":"Universal stroller","ru":"Универсальная коляска"}', 0);
INSERT INTO category_filter_options (id, filter_id, title, "order") VALUES ('01KJB9Q9YCFRNC7P', '01KJB9Q9YCV6T71F', '{"az":"Yüngül araba","en":"Lightweight stroller","ru":"Прогулочная коляска"}', 1);
INSERT INTO category_filter_options (id, filter_id, title, "order") VALUES ('01KJB9Q9YC3GBF00', '01KJB9Q9YCV6T71F', '{"az":"Avto oturacaq","en":"Car seat","ru":"Автокресло"}', 2);
INSERT INTO category_filter_options (id, filter_id, title, "order") VALUES ('01KJB9Q9YCBQSP61', '01KJB9Q9YCV6T71F', '{"az":"Manej","en":"Playpen","ru":"Манеж"}', 3);
INSERT INTO category_filter_options (id, filter_id, title, "order") VALUES ('01KJB9Q9YCGXT8WJ', '01KJB9Q9YCV6T71F', '{"az":"Xodunok","en":"Walker","ru":"Ходунки"}', 4);
INSERT INTO category_filter_options (id, filter_id, title, "order") VALUES ('01KJB9Q9YCRTG887', '01KJB9Q9YCV6T71F', '{"az":"Booster oturacaq","en":"Booster seat","ru":"Бустер"}', 5);
INSERT INTO category_filters (id, category_id, title, type, "order") VALUES ('01KJB9Q9YC3SPQ5C', '01KJB9Q9YCA9SYB0', '{"az":"Yaş qrupu","en":"Age group","ru":"Возрастная группа"}', 'STATIC', 1);
INSERT INTO category_filter_options (id, filter_id, title, "order") VALUES ('01KJB9Q9YCC067BV', '01KJB9Q9YC3SPQ5C', '{"az":"0-6 ay","en":"0-6 months","ru":"0-6 мес"}', 0);
INSERT INTO category_filter_options (id, filter_id, title, "order") VALUES ('01KJB9Q9YC4FPFFM', '01KJB9Q9YC3SPQ5C', '{"az":"0-4 yaş","en":"0-4 years","ru":"0-4 года"}', 1);
INSERT INTO category_filter_options (id, filter_id, title, "order") VALUES ('01KJB9Q9YCY6EHW4', '01KJB9Q9YC3SPQ5C', '{"az":"1-3 yaş","en":"1-3 years","ru":"1-3 года"}', 2);
INSERT INTO category_filter_options (id, filter_id, title, "order") VALUES ('01KJB9Q9YC2DSW50', '01KJB9Q9YC3SPQ5C', '{"az":"3-12 yaş","en":"3-12 years","ru":"3-12 лет"}', 3);
INSERT INTO categories (id, title, is_active, parent_id, has_options, type) VALUES ('01KJB9Q9YCHT8MS3', '{"az":"Qidalanma və baxım","en":"Feeding & Care products","ru":"Питание и уход"}', true, '01KJB9Q9YBEM65B5', true, 'normal');
INSERT INTO category_filters (id, category_id, title, type, "order") VALUES ('01KJB9Q9YCAZ42ER', '01KJB9Q9YCHT8MS3', '{"az":"Növ","en":"Type","ru":"Тип"}', 'STATIC', 0);
INSERT INTO category_filter_options (id, filter_id, title, "order") VALUES ('01KJB9Q9YC7M9ZKH', '01KJB9Q9YCAZ42ER', '{"az":"Körpə qidası","en":"Baby food","ru":"Детское питание"}', 0);
INSERT INTO category_filter_options (id, filter_id, title, "order") VALUES ('01KJB9Q9YCNZG3YC', '01KJB9Q9YCAZ42ER', '{"az":"Körpə düsturu","en":"Baby formula","ru":"Молочная смесь"}', 1);
INSERT INTO category_filter_options (id, filter_id, title, "order") VALUES ('01KJB9Q9YC5J0EZB', '01KJB9Q9YCAZ42ER', '{"az":"Sterilizator","en":"Sterilizer","ru":"Стерилизатор"}', 2);
INSERT INTO category_filter_options (id, filter_id, title, "order") VALUES ('01KJB9Q9YC4B28HK', '01KJB9Q9YCAZ42ER', '{"az":"Körpə pompa","en":"Breast pump","ru":"Молокоотсос"}', 3);
INSERT INTO category_filter_options (id, filter_id, title, "order") VALUES ('01KJB9Q9YCF468AQ', '01KJB9Q9YCAZ42ER', '{"az":"Bez","en":"Diapers","ru":"Подгузники"}', 4);
INSERT INTO category_filter_options (id, filter_id, title, "order") VALUES ('01KJB9Q9YCC659NW', '01KJB9Q9YCAZ42ER', '{"az":"Həmam vasitəsi","en":"Bath products","ru":"Средства для купания"}', 5);
INSERT INTO categories (id, title, is_active, parent_id, has_options, type) VALUES ('01KJB9Q9YCR0QE4M', '{"az":"Məktəbli ləvazimatları","en":"School supplies","ru":"Школьные принадлежности"}', true, '01KJB9Q9YBEM65B5', true, 'normal');
INSERT INTO category_filters (id, category_id, title, type, "order") VALUES ('01KJB9Q9YCM43733', '01KJB9Q9YCR0QE4M', '{"az":"Növ","en":"Type","ru":"Тип"}', 'STATIC', 0);
INSERT INTO category_filter_options (id, filter_id, title, "order") VALUES ('01KJB9Q9YCN205ZV', '01KJB9Q9YCM43733', '{"az":"Kitablar","en":"Books","ru":"Учебники"}', 0);
INSERT INTO category_filter_options (id, filter_id, title, "order") VALUES ('01KJB9Q9YC85EAGR', '01KJB9Q9YCM43733', '{"az":"Dəftərlər","en":"Notebooks","ru":"Тетради"}', 1);
INSERT INTO category_filter_options (id, filter_id, title, "order") VALUES ('01KJB9Q9YCB6S9TM', '01KJB9Q9YCM43733', '{"az":"Yazı ləvazimatları","en":"Stationery","ru":"Канцтовары"}', 2);
INSERT INTO category_filter_options (id, filter_id, title, "order") VALUES ('01KJB9Q9YC7GVJDX', '01KJB9Q9YCM43733', '{"az":"Məktəb çantası","en":"School bag","ru":"Школьный рюкзак"}', 3);
INSERT INTO category_filter_options (id, filter_id, title, "order") VALUES ('01KJB9Q9YC4P58S1', '01KJB9Q9YCM43733', '{"az":"Rəsm ləvazimatları","en":"Art supplies","ru":"Принадлежности для рисования"}', 4);
INSERT INTO categories (id, title, is_active, parent_id, has_options, type) VALUES ('01KJB9Q9YCPWSNFE', '{"az":"Uşaq beşikləri və yataq setləri","en":"Cribs & bedding","ru":"Детские кроватки и постельное белье"}', true, '01KJB9Q9YBEM65B5', true, 'normal');
INSERT INTO category_filters (id, category_id, title, type, "order") VALUES ('01KJB9Q9YC25PQAP', '01KJB9Q9YCPWSNFE', '{"az":"Növ","en":"Type","ru":"Тип"}', 'STATIC', 0);
INSERT INTO category_filter_options (id, filter_id, title, "order") VALUES ('01KJB9Q9YCSSP0QX', '01KJB9Q9YC25PQAP', '{"az":"Beşik","en":"Crib","ru":"Кроватка"}', 0);
INSERT INTO category_filter_options (id, filter_id, title, "order") VALUES ('01KJB9Q9YCDSMX3Y', '01KJB9Q9YC25PQAP', '{"az":"Yataq dəsti","en":"Bedding set","ru":"Постельный набор"}', 1);
INSERT INTO category_filter_options (id, filter_id, title, "order") VALUES ('01KJB9Q9YCJAK98Y', '01KJB9Q9YC25PQAP', '{"az":"Matlas","en":"Mattress","ru":"Матрас"}', 2);
INSERT INTO category_filter_options (id, filter_id, title, "order") VALUES ('01KJB9Q9YC149TPY', '01KJB9Q9YC25PQAP', '{"az":"Balış","en":"Pillow","ru":"Подушка"}', 3);
INSERT INTO category_filter_options (id, filter_id, title, "order") VALUES ('01KJB9Q9YCGBP1NH', '01KJB9Q9YC25PQAP', '{"az":"Yorğan","en":"Blanket","ru":"Одеяло"}', 4);

COMMIT;
