BEGIN;

-- ==========================================
-- Biznes və Avadanlıq / Business & Equipment / Бизнес и оборудование
-- ==========================================
INSERT INTO categories (id, title, is_active, parent_id, has_options, type) VALUES ('01KJB9Q9YTJHZEG5', '{"az":"Biznes və Avadanlıq","en":"Business & Equipment","ru":"Бизнес и оборудование"}', true, NULL, false, 'normal');
INSERT INTO category_filters (id, category_id, title, type, "order") VALUES ('01KJB9Q9YVRFHKSZ', '01KJB9Q9YTJHZEG5', '{"az":"Vəziyyəti","en":"Condition","ru":"Состояние"}', 'STATIC', 0);
INSERT INTO category_filter_options (id, filter_id, title, "order") VALUES ('01KJB9Q9YVGVT60G', '01KJB9Q9YVRFHKSZ', '{"az":"Yeni","en":"New","ru":"Новый"}', 0);
INSERT INTO category_filter_options (id, filter_id, title, "order") VALUES ('01KJB9Q9YVFFZ2VN', '01KJB9Q9YVRFHKSZ', '{"az":"İşlənmiş","en":"Used","ru":"Б/у"}', 1);
INSERT INTO category_filters (id, category_id, title, type, "order") VALUES ('01KJB9Q9YVN2JS3R', '01KJB9Q9YTJHZEG5', '{"az":"Çatdırılma","en":"Delivery","ru":"Доставка"}', 'STATIC', 1);
INSERT INTO category_filter_options (id, filter_id, title, "order") VALUES ('01KJB9Q9YVE448HZ', '01KJB9Q9YVN2JS3R', '{"az":"Pulsuz","en":"Free","ru":"Бесплатно"}', 0);
INSERT INTO category_filter_options (id, filter_id, title, "order") VALUES ('01KJB9Q9YVHY8164', '01KJB9Q9YVN2JS3R', '{"az":"Ödənişli","en":"Paid","ru":"Платно"}', 1);
INSERT INTO category_filter_options (id, filter_id, title, "order") VALUES ('01KJB9Q9YV5VJFF9', '01KJB9Q9YVN2JS3R', '{"az":"Yoxdur","en":"No","ru":"Нет"}', 2);
INSERT INTO categories (id, title, is_active, parent_id, has_options, type) VALUES ('01KJB9Q9YVCTQW81', '{"az":"Restoran və kafe avadanlıqları","en":"Restaurant & Cafe equipment","ru":"Оборудование ресторанов"}', true, '01KJB9Q9YTJHZEG5', true, 'normal');
INSERT INTO category_filters (id, category_id, title, type, "order") VALUES ('01KJB9Q9YVM5JTVV', '01KJB9Q9YVCTQW81', '{"az":"Növ","en":"Type","ru":"Тип"}', 'STATIC', 0);
INSERT INTO category_filter_options (id, filter_id, title, "order") VALUES ('01KJB9Q9YV1VW0QG', '01KJB9Q9YVM5JTVV', '{"az":"Mütfaq avadanlığı","en":"Kitchen equipment","ru":"Кухонное оборудование"}', 0);
INSERT INTO category_filter_options (id, filter_id, title, "order") VALUES ('01KJB9Q9YVQWA0GW', '01KJB9Q9YVM5JTVV', '{"az":"Qəhvə maşını","en":"Coffee machine","ru":"Кофемашина"}', 1);
INSERT INTO category_filter_options (id, filter_id, title, "order") VALUES ('01KJB9Q9YVEPR7YW', '01KJB9Q9YVM5JTVV', '{"az":"Soyuducu Vitrin","en":"Display fridge","ru":"Витринный холодильник"}', 2);
INSERT INTO category_filter_options (id, filter_id, title, "order") VALUES ('01KJB9Q9YVA0K80J', '01KJB9Q9YVM5JTVV', '{"az":"Pul kassası","en":"POS system/Cash register","ru":"Касса/POS"}', 3);
INSERT INTO category_filter_options (id, filter_id, title, "order") VALUES ('01KJB9Q9YVPNM0GH', '01KJB9Q9YVM5JTVV', '{"az":"Mətbəx havalandırması","en":"Kitchen hood","ru":"Вытяжка"}', 4);
INSERT INTO category_filter_options (id, filter_id, title, "order") VALUES ('01KJB9Q9YVNV6RGE', '01KJB9Q9YVM5JTVV', '{"az":"Frituryalar","en":"Deep fryer","ru":"Фритюрница"}', 5);
INSERT INTO category_filter_options (id, filter_id, title, "order") VALUES ('01KJB9Q9YVD42SQT', '01KJB9Q9YVM5JTVV', '{"az":"Çörək sobası","en":"Bakery oven","ru":"Хлебопекарная печь"}', 6);
INSERT INTO category_filters (id, category_id, title, type, "order") VALUES ('01KJB9Q9YVQ5NBE0', '01KJB9Q9YVCTQW81', '{"az":"Vəziyyəti","en":"Condition","ru":"Состояние"}', 'STATIC', 1);
INSERT INTO category_filter_options (id, filter_id, title, "order") VALUES ('01KJB9Q9YVKSBZ57', '01KJB9Q9YVQ5NBE0', '{"az":"Yeni","en":"New","ru":"Новый"}', 0);
INSERT INTO category_filter_options (id, filter_id, title, "order") VALUES ('01KJB9Q9YVYSK5A3', '01KJB9Q9YVQ5NBE0', '{"az":"İşlənmiş","en":"Used","ru":"Б/у"}', 1);
INSERT INTO categories (id, title, is_active, parent_id, has_options, type) VALUES ('01KJB9Q9YV4TXQ3N', '{"az":"Mağaza avadanlıqları","en":"Shop & Retail equipment","ru":"Торговое оборудование"}', true, '01KJB9Q9YTJHZEG5', true, 'normal');
INSERT INTO category_filters (id, category_id, title, type, "order") VALUES ('01KJB9Q9YVX2QZ9E', '01KJB9Q9YV4TXQ3N', '{"az":"Növ","en":"Type","ru":"Тип"}', 'STATIC', 0);
INSERT INTO category_filter_options (id, filter_id, title, "order") VALUES ('01KJB9Q9YV936F67', '01KJB9Q9YVX2QZ9E', '{"az":"Ticarət rəfləri","en":"Retail shelves","ru":"Торговые стеллажи"}', 0);
INSERT INTO category_filter_options (id, filter_id, title, "order") VALUES ('01KJB9Q9YV3H4H8E', '01KJB9Q9YVX2QZ9E', '{"az":"Manekenlər","en":"Mannequins","ru":"Манекены"}', 1);
INSERT INTO category_filter_options (id, filter_id, title, "order") VALUES ('01KJB9Q9YVDH2AQC', '01KJB9Q9YVX2QZ9E', '{"az":"Soyuducu vitrin","en":"Display fridge","ru":"Витринный холодильник"}', 2);
INSERT INTO category_filter_options (id, filter_id, title, "order") VALUES ('01KJB9Q9YV2CFKPB', '01KJB9Q9YVX2QZ9E', '{"az":"Pul kassası/POS","en":"Cash register/POS","ru":"Касса"}', 3);
INSERT INTO category_filter_options (id, filter_id, title, "order") VALUES ('01KJB9Q9YV9XH67D', '01KJB9Q9YVX2QZ9E', '{"az":"Əşyalar qabı","en":"Display case","ru":"Витрина"}', 4);
INSERT INTO category_filter_options (id, filter_id, title, "order") VALUES ('01KJB9Q9YV3Z4W0D', '01KJB9Q9YVX2QZ9E', '{"az":"Geyim asqısı","en":"Clothing rack","ru":"Вешалка для одежды"}', 5);
INSERT INTO categories (id, title, is_active, parent_id, has_options, type) VALUES ('01KJB9Q9YVBPKAFD', '{"az":"Gözəllik salonu avadanlıqları","en":"Beauty salon equipment","ru":"Оборудование салонов красоты"}', true, '01KJB9Q9YTJHZEG5', true, 'normal');
INSERT INTO category_filters (id, category_id, title, type, "order") VALUES ('01KJB9Q9YVAPK5N4', '01KJB9Q9YVBPKAFD', '{"az":"Növ","en":"Type","ru":"Тип"}', 'STATIC', 0);
INSERT INTO category_filter_options (id, filter_id, title, "order") VALUES ('01KJB9Q9YVCTZ4Q7', '01KJB9Q9YVAPK5N4', '{"az":"Kresl","en":"Salon chair","ru":"Кресло"}', 0);
INSERT INTO category_filter_options (id, filter_id, title, "order") VALUES ('01KJB9Q9YVEQ9P9M', '01KJB9Q9YVAPK5N4', '{"az":"UV/LED lampa","en":"UV/LED lamp","ru":"UFO/LED лампа"}', 1);
INSERT INTO category_filter_options (id, filter_id, title, "order") VALUES ('01KJB9Q9YVST6KK4', '01KJB9Q9YVAPK5N4', '{"az":"Manikür masası","en":"Nail table","ru":"Маникюрный стол"}', 2);
INSERT INTO category_filter_options (id, filter_id, title, "order") VALUES ('01KJB9Q9YVDS5YYN', '01KJB9Q9YVAPK5N4', '{"az":"Saç kuruducu","en":"Hair dryer","ru":"Фен/Сушуар"}', 3);
INSERT INTO category_filter_options (id, filter_id, title, "order") VALUES ('01KJB9Q9YVWXJC1C', '01KJB9Q9YVAPK5N4', '{"az":"Lazer/Epilasiya aparatı","en":"Laser epilator","ru":"Лазер/Эпилятор"}', 4);
INSERT INTO category_filter_options (id, filter_id, title, "order") VALUES ('01KJB9Q9YV3ATJFF', '01KJB9Q9YVAPK5N4', '{"az":"Massaj masası","en":"Massage table","ru":"Массажный стол"}', 5);
INSERT INTO categories (id, title, is_active, parent_id, has_options, type) VALUES ('01KJB9Q9YVSRFJTT', '{"az":"Tibbi və Kosmetoloji avadanlıqlar","en":"Medical & Cosmetological equipment","ru":"Медицинское оборудование"}', true, '01KJB9Q9YTJHZEG5', true, 'normal');
INSERT INTO category_filters (id, category_id, title, type, "order") VALUES ('01KJB9Q9YVYMP0FD', '01KJB9Q9YVSRFJTT', '{"az":"Növ","en":"Type","ru":"Тип"}', 'STATIC', 0);
INSERT INTO category_filter_options (id, filter_id, title, "order") VALUES ('01KJB9Q9YV4G1CQS', '01KJB9Q9YVYMP0FD', '{"az":"Stomatoloji kreslo","en":"Dental chair","ru":"Стоматологическое кресло"}', 0);
INSERT INTO category_filter_options (id, filter_id, title, "order") VALUES ('01KJB9Q9YVM191J1', '01KJB9Q9YVYMP0FD', '{"az":"UZİ aparatı","en":"Ultrasound machine","ru":"УЗИ аппарат"}', 1);
INSERT INTO category_filter_options (id, filter_id, title, "order") VALUES ('01KJB9Q9YVXWXGZX', '01KJB9Q9YVYMP0FD', '{"az":"Rentgen","en":"X-ray","ru":"Рентген"}', 2);
INSERT INTO category_filter_options (id, filter_id, title, "order") VALUES ('01KJB9Q9YV1WA8TV', '01KJB9Q9YVYMP0FD', '{"az":"Lazer kosmetoloji","en":"Laser cosmetology","ru":"Лазерная косметология"}', 3);
INSERT INTO category_filter_options (id, filter_id, title, "order") VALUES ('01KJB9Q9YVPH3NF7', '01KJB9Q9YVYMP0FD', '{"az":"Massaj aparatı","en":"Medical massager","ru":"Медицинский массажёр"}', 4);
INSERT INTO category_filter_options (id, filter_id, title, "order") VALUES ('01KJB9Q9YVQ0CQE5', '01KJB9Q9YVYMP0FD', '{"az":"Tibbi çarpayı","en":"Medical bed","ru":"Медицинская кровать"}', 5);
INSERT INTO categories (id, title, is_active, parent_id, has_options, type) VALUES ('01KJB9Q9YVNP3H13', '{"az":"Sənaye və Mühəndislik avadanlıqları","en":"Industrial machinery","ru":"Промышленное оборудование"}', true, '01KJB9Q9YTJHZEG5', true, 'normal');
INSERT INTO category_filters (id, category_id, title, type, "order") VALUES ('01KJB9Q9YVE183WJ', '01KJB9Q9YVNP3H13', '{"az":"Növ","en":"Type","ru":"Тип"}', 'STATIC', 0);
INSERT INTO category_filter_options (id, filter_id, title, "order") VALUES ('01KJB9Q9YVE25GX0', '01KJB9Q9YVE183WJ', '{"az":"Generator","en":"Generator","ru":"Генератор"}', 0);
INSERT INTO category_filter_options (id, filter_id, title, "order") VALUES ('01KJB9Q9YVKVY5C3', '01KJB9Q9YVE183WJ', '{"az":"Kompresor","en":"Compressor","ru":"Компрессор"}', 1);
INSERT INTO category_filter_options (id, filter_id, title, "order") VALUES ('01KJB9Q9YVVRCYW3', '01KJB9Q9YVE183WJ', '{"az":"Qaynaq aparatı","en":"Welding machine","ru":"Сварочный аппарат"}', 2);
INSERT INTO category_filter_options (id, filter_id, title, "order") VALUES ('01KJB9Q9YVR4T2Q5', '01KJB9Q9YVE183WJ', '{"az":"Metal-kəsmə dəzgahı","en":"Metal cutting machine","ru":"Станок"}', 3);
INSERT INTO category_filter_options (id, filter_id, title, "order") VALUES ('01KJB9Q9YV81VNN4', '01KJB9Q9YVE183WJ', '{"az":"Konveyer","en":"Conveyor","ru":"Конвейер"}', 4);
INSERT INTO category_filter_options (id, filter_id, title, "order") VALUES ('01KJB9Q9YVPQ4N7P', '01KJB9Q9YVE183WJ', '{"az":"Pompa","en":"Pump","ru":"Насос"}', 5);
INSERT INTO category_filters (id, category_id, title, type, "order") VALUES ('01KJB9Q9YV7VD90M', '01KJB9Q9YVNP3H13', '{"az":"Güc (kVt)","en":"Power (kW)","ru":"Мощность (кВт)"}', 'DYNAMIC', 1);
INSERT INTO categories (id, title, is_active, parent_id, has_options, type) VALUES ('01KJB9Q9YVHCV06A', '{"az":"Tikinti və Kənd Təsərrüfatı avadanlıqları","en":"Construction & Agricultural equipment","ru":"Строительное/с.х. оборудование"}', true, '01KJB9Q9YTJHZEG5', true, 'normal');
INSERT INTO category_filters (id, category_id, title, type, "order") VALUES ('01KJB9Q9YVGV9VKP', '01KJB9Q9YVHCV06A', '{"az":"Növ","en":"Type","ru":"Тип"}', 'STATIC', 0);
INSERT INTO category_filter_options (id, filter_id, title, "order") VALUES ('01KJB9Q9YVV5ZPMD', '01KJB9Q9YVGV9VKP', '{"az":"Traktor","en":"Tractor","ru":"Трактор"}', 0);
INSERT INTO category_filter_options (id, filter_id, title, "order") VALUES ('01KJB9Q9YV55KBPV', '01KJB9Q9YVGV9VKP', '{"az":"Kombain","en":"Combine","ru":"Комбайн"}', 1);
INSERT INTO category_filter_options (id, filter_id, title, "order") VALUES ('01KJB9Q9YV8AJEVQ', '01KJB9Q9YVGV9VKP', '{"az":"Ekskavator","en":"Excavator","ru":"Экскаватор"}', 2);
INSERT INTO category_filter_options (id, filter_id, title, "order") VALUES ('01KJB9Q9YV1FSVHB', '01KJB9Q9YVGV9VKP', '{"az":"Buruq maşın","en":"Drilling machine","ru":"Бурильная машина"}', 3);
INSERT INTO category_filter_options (id, filter_id, title, "order") VALUES ('01KJB9Q9YVJKS877', '01KJB9Q9YVGV9VKP', '{"az":"Beton qarışdırıcı","en":"Concrete mixer","ru":"Бетономешалка"}', 4);
INSERT INTO category_filter_options (id, filter_id, title, "order") VALUES ('01KJB9Q9YVB1FY1R', '01KJB9Q9YVGV9VKP', '{"az":"Kran","en":"Crane","ru":"Кран"}', 5);
INSERT INTO category_filter_options (id, filter_id, title, "order") VALUES ('01KJB9Q9YVSS6B0H', '01KJB9Q9YVGV9VKP', '{"az":"Buldozer","en":"Bulldozer","ru":"Бульдозер"}', 6);

COMMIT;
