BEGIN;

-- ==========================================
-- Hobbi, İdman və Əyləncə / Hobbies, Sports & Leisure / Хобби, спорт и досуг
-- ==========================================
INSERT INTO categories (id, title, is_active, parent_id, has_options, type) VALUES ('01KJB9Q9YH8K5AB3', '{"az":"Hobbi, İdman və Əyləncə","en":"Hobbies, Sports & Leisure","ru":"Хобби, спорт и досуг"}', true, NULL, false, 'normal');
INSERT INTO category_filters (id, category_id, title, type, "order") VALUES ('01KJB9Q9YHHYVYCR', '01KJB9Q9YH8K5AB3', '{"az":"Vəziyyəti","en":"Condition","ru":"Состояние"}', 'STATIC', 0);
INSERT INTO category_filter_options (id, filter_id, title, "order") VALUES ('01KJB9Q9YHB3N2G2', '01KJB9Q9YHHYVYCR', '{"az":"Yeni","en":"New","ru":"Новый"}', 0);
INSERT INTO category_filter_options (id, filter_id, title, "order") VALUES ('01KJB9Q9YHM6JDSN', '01KJB9Q9YHHYVYCR', '{"az":"İşlənmiş","en":"Used","ru":"Б/у"}', 1);
INSERT INTO category_filters (id, category_id, title, type, "order") VALUES ('01KJB9Q9YH9NTF98', '01KJB9Q9YH8K5AB3', '{"az":"Çatdırılma","en":"Delivery","ru":"Доставка"}', 'STATIC', 1);
INSERT INTO category_filter_options (id, filter_id, title, "order") VALUES ('01KJB9Q9YHP58VGN', '01KJB9Q9YH9NTF98', '{"az":"Pulsuz","en":"Free","ru":"Бесплатно"}', 0);
INSERT INTO category_filter_options (id, filter_id, title, "order") VALUES ('01KJB9Q9YH7MFFAH', '01KJB9Q9YH9NTF98', '{"az":"Ödənişli","en":"Paid","ru":"Платно"}', 1);
INSERT INTO category_filter_options (id, filter_id, title, "order") VALUES ('01KJB9Q9YHSFJ739', '01KJB9Q9YH9NTF98', '{"az":"Yoxdur","en":"No","ru":"Нет"}', 2);
INSERT INTO categories (id, title, is_active, parent_id, has_options, type) VALUES ('01KJB9Q9YHE3W0AT', '{"az":"İdman geyimləri və ayaqqabıları","en":"Sports apparel & shoes","ru":"Спортивная одежда и обувь"}', true, '01KJB9Q9YH8K5AB3', true, 'normal');
INSERT INTO category_filters (id, category_id, title, type, "order") VALUES ('01KJB9Q9YH7J81G2', '01KJB9Q9YHE3W0AT', '{"az":"Cins","en":"Gender","ru":"Пол"}', 'STATIC', 0);
INSERT INTO category_filter_options (id, filter_id, title, "order") VALUES ('01KJB9Q9YHDJ91Z3', '01KJB9Q9YH7J81G2', '{"az":"Kişi","en":"Men","ru":"Мужской"}', 0);
INSERT INTO category_filter_options (id, filter_id, title, "order") VALUES ('01KJB9Q9YHK2MSDF', '01KJB9Q9YH7J81G2', '{"az":"Qadın","en":"Women","ru":"Женский"}', 1);
INSERT INTO category_filter_options (id, filter_id, title, "order") VALUES ('01KJB9Q9YH2JZZYT', '01KJB9Q9YH7J81G2', '{"az":"Uniseks","en":"Unisex","ru":"Унисекс"}', 2);
INSERT INTO category_filters (id, category_id, title, type, "order") VALUES ('01KJB9Q9YH0TYNQJ', '01KJB9Q9YHE3W0AT', '{"az":"Marka","en":"Brand","ru":"Марка"}', 'STATIC', 1);
INSERT INTO category_filter_options (id, filter_id, title, "order") VALUES ('01KJB9Q9YH2XG2JS', '01KJB9Q9YH0TYNQJ', '{"az":"Nike","en":"Nike","ru":"Nike"}', 0);
INSERT INTO category_filter_options (id, filter_id, title, "order") VALUES ('01KJB9Q9YH4RXFFY', '01KJB9Q9YH0TYNQJ', '{"az":"Adidas","en":"Adidas","ru":"Adidas"}', 1);
INSERT INTO category_filter_options (id, filter_id, title, "order") VALUES ('01KJB9Q9YHRDVSAA', '01KJB9Q9YH0TYNQJ', '{"az":"Puma","en":"Puma","ru":"Puma"}', 2);
INSERT INTO category_filter_options (id, filter_id, title, "order") VALUES ('01KJB9Q9YHZ9DHJF', '01KJB9Q9YH0TYNQJ', '{"az":"Under Armour","en":"Under Armour","ru":"Under Armour"}', 3);
INSERT INTO category_filter_options (id, filter_id, title, "order") VALUES ('01KJB9Q9YHRYVS6A', '01KJB9Q9YH0TYNQJ', '{"az":"Reebok","en":"Reebok","ru":"Reebok"}', 4);
INSERT INTO category_filter_options (id, filter_id, title, "order") VALUES ('01KJB9Q9YHGE167S', '01KJB9Q9YH0TYNQJ', '{"az":"New Balance","en":"New Balance","ru":"New Balance"}', 5);
INSERT INTO category_filter_options (id, filter_id, title, "order") VALUES ('01KJB9Q9YH1TYRGG', '01KJB9Q9YH0TYNQJ', '{"az":"Digər","en":"Other","ru":"Другое"}', 6);
INSERT INTO category_filters (id, category_id, title, type, "order") VALUES ('01KJB9Q9YH21W942', '01KJB9Q9YHE3W0AT', '{"az":"Növ","en":"Type","ru":"Тип"}', 'STATIC', 2);
INSERT INTO category_filter_options (id, filter_id, title, "order") VALUES ('01KJB9Q9YHJ1DR78', '01KJB9Q9YH21W942', '{"az":"Üst geyimi","en":"Tops","ru":"Футболки/Топы"}', 0);
INSERT INTO category_filter_options (id, filter_id, title, "order") VALUES ('01KJB9Q9YH09CM5G', '01KJB9Q9YH21W942', '{"az":"Şalvar","en":"Pants/Shorts","ru":"Штаны/Шорты"}', 1);
INSERT INTO category_filter_options (id, filter_id, title, "order") VALUES ('01KJB9Q9YHAC6053', '01KJB9Q9YH21W942', '{"az":"Krossovka","en":"Sneakers","ru":"Кроссовки"}', 2);
INSERT INTO category_filter_options (id, filter_id, title, "order") VALUES ('01KJB9Q9YHZSQJ5S', '01KJB9Q9YH21W942', '{"az":"Kompressiya geyimi","en":"Compression wear","ru":"Компрессионная одежда"}', 3);
INSERT INTO categories (id, title, is_active, parent_id, has_options, type) VALUES ('01KJB9Q9YHXWYA1S', '{"az":"İdman qidalanması","en":"Sports nutrition","ru":"Спортивное питание"}', true, '01KJB9Q9YH8K5AB3', true, 'normal');
INSERT INTO category_filters (id, category_id, title, type, "order") VALUES ('01KJB9Q9YHEQZBJ7', '01KJB9Q9YHXWYA1S', '{"az":"Növ","en":"Type","ru":"Тип"}', 'STATIC', 0);
INSERT INTO category_filter_options (id, filter_id, title, "order") VALUES ('01KJB9Q9YHWATD0P', '01KJB9Q9YHEQZBJ7', '{"az":"Protein tozu","en":"Protein powder","ru":"Протеин"}', 0);
INSERT INTO category_filter_options (id, filter_id, title, "order") VALUES ('01KJB9Q9YHRMYCWG', '01KJB9Q9YHEQZBJ7', '{"az":"Kreatinlər","en":"Creatine","ru":"Креатин"}', 1);
INSERT INTO category_filter_options (id, filter_id, title, "order") VALUES ('01KJB9Q9YHQXGKPD', '01KJB9Q9YHEQZBJ7', '{"az":"BCAA","en":"BCAA","ru":"BCAA"}', 2);
INSERT INTO category_filter_options (id, filter_id, title, "order") VALUES ('01KJB9Q9YHXH1VZQ', '01KJB9Q9YHEQZBJ7', '{"az":"Gainerlər","en":"Gainer","ru":"Гейнер"}', 3);
INSERT INTO category_filter_options (id, filter_id, title, "order") VALUES ('01KJB9Q9YH6P08HS', '01KJB9Q9YHEQZBJ7', '{"az":"Vitaminlər","en":"Vitamins","ru":"Витамины"}', 4);
INSERT INTO category_filter_options (id, filter_id, title, "order") VALUES ('01KJB9Q9YHASCHSY', '01KJB9Q9YHEQZBJ7', '{"az":"Yağ yandıranlar","en":"Fat burners","ru":"Жиросжигатели"}', 5);
INSERT INTO category_filter_options (id, filter_id, title, "order") VALUES ('01KJB9Q9YHVQCKR4', '01KJB9Q9YHEQZBJ7', '{"az":"Zolaqlar/İçkilər","en":"Bars/Drinks","ru":"Батончики/Напитки"}', 6);
INSERT INTO categories (id, title, is_active, parent_id, has_options, type) VALUES ('01KJB9Q9YH6SB53F', '{"az":"Fitnes trenajorları və ləvazimatları","en":"Fitness equipment","ru":"Фитнес тренажеры"}', true, '01KJB9Q9YH8K5AB3', true, 'normal');
INSERT INTO category_filters (id, category_id, title, type, "order") VALUES ('01KJB9Q9YHV8556X', '01KJB9Q9YH6SB53F', '{"az":"Növ","en":"Type","ru":"Тип"}', 'STATIC', 0);
INSERT INTO category_filter_options (id, filter_id, title, "order") VALUES ('01KJB9Q9YHVEWD0C', '01KJB9Q9YHV8556X', '{"az":"Qaçış aparatı","en":"Treadmill","ru":"Беговая дорожка"}', 0);
INSERT INTO category_filter_options (id, filter_id, title, "order") VALUES ('01KJB9Q9YHQ24X66', '01KJB9Q9YHV8556X', '{"az":"Velotrenajor","en":"Exercise bike","ru":"Велотренажер"}', 1);
INSERT INTO category_filter_options (id, filter_id, title, "order") VALUES ('01KJB9Q9YHE14PRW', '01KJB9Q9YHV8556X', '{"az":"Elliptik trenajor","en":"Elliptical","ru":"Эллиптический"}', 2);
INSERT INTO category_filter_options (id, filter_id, title, "order") VALUES ('01KJB9Q9YHFWSTQH', '01KJB9Q9YHV8556X', '{"az":"Güc trenajoru","en":"Strength machine","ru":"Силовой тренажер"}', 3);
INSERT INTO category_filter_options (id, filter_id, title, "order") VALUES ('01KJB9Q9YHKVA0G9', '01KJB9Q9YHV8556X', '{"az":"Qantellər/Ştanq","en":"Dumbbells/Barbell","ru":"Гантели/Штанга"}', 4);
INSERT INTO category_filter_options (id, filter_id, title, "order") VALUES ('01KJB9Q9YHDDEKRC', '01KJB9Q9YHV8556X', '{"az":"Pilates çubuğu","en":"Exercise mat","ru":"Коврик/Пилатес"}', 5);
INSERT INTO categories (id, title, is_active, parent_id, has_options, type) VALUES ('01KJB9Q9YH13PGQV', '{"az":"Boks və döyüş sənəti","en":"Boxing & martial arts","ru":"Бокс и единоборства"}', true, '01KJB9Q9YH8K5AB3', true, 'normal');
INSERT INTO category_filters (id, category_id, title, type, "order") VALUES ('01KJB9Q9YHV62B5F', '01KJB9Q9YH13PGQV', '{"az":"Növ","en":"Type","ru":"Тип"}', 'STATIC', 0);
INSERT INTO category_filter_options (id, filter_id, title, "order") VALUES ('01KJB9Q9YH6BV93A', '01KJB9Q9YHV62B5F', '{"az":"Boks əlcəkləri","en":"Boxing gloves","ru":"Боксёрские перчатки"}', 0);
INSERT INTO category_filter_options (id, filter_id, title, "order") VALUES ('01KJB9Q9YHSA466W', '01KJB9Q9YHV62B5F', '{"az":"Boks kisəsi","en":"Punching bag","ru":"Груша"}', 1);
INSERT INTO category_filter_options (id, filter_id, title, "order") VALUES ('01KJB9Q9YH3FDA54', '01KJB9Q9YHV62B5F', '{"az":"Kask","en":"Headgear","ru":"Шлем"}', 2);
INSERT INTO category_filter_options (id, filter_id, title, "order") VALUES ('01KJB9Q9YHYNA2DR', '01KJB9Q9YHV62B5F', '{"az":"Kixote","en":"Shin guards","ru":"Захисний щиток"}', 3);
INSERT INTO category_filter_options (id, filter_id, title, "order") VALUES ('01KJB9Q9YH66751M', '01KJB9Q9YHV62B5F', '{"az":"Кimоno","en":"Kimono/Gi","ru":"Кимоно"}', 4);
INSERT INTO category_filter_options (id, filter_id, title, "order") VALUES ('01KJB9Q9YHQAZQ5X', '01KJB9Q9YHV62B5F', '{"az":"MMA avadanlığı","en":"MMA gear","ru":"Экипировка MMA"}', 5);
INSERT INTO category_filters (id, category_id, title, type, "order") VALUES ('01KJB9Q9YHQF1GA3', '01KJB9Q9YH13PGQV', '{"az":"İdman növü","en":"Sport type","ru":"Вид спорта"}', 'STATIC', 1);
INSERT INTO category_filter_options (id, filter_id, title, "order") VALUES ('01KJB9Q9YHTM0S6T', '01KJB9Q9YHQF1GA3', '{"az":"Boks","en":"Boxing","ru":"Бокс"}', 0);
INSERT INTO category_filter_options (id, filter_id, title, "order") VALUES ('01KJB9Q9YHBT1191', '01KJB9Q9YHQF1GA3', '{"az":"Karate","en":"Karate","ru":"Карате"}', 1);
INSERT INTO category_filter_options (id, filter_id, title, "order") VALUES ('01KJB9Q9YHMMTCSN', '01KJB9Q9YHQF1GA3', '{"az":"Cüdo","en":"Judo","ru":"Дзюдо"}', 2);
INSERT INTO category_filter_options (id, filter_id, title, "order") VALUES ('01KJB9Q9YJH9AY9X', '01KJB9Q9YHQF1GA3', '{"az":"Taekwondo","en":"Taekwondo","ru":"Тхэквондо"}', 3);
INSERT INTO category_filter_options (id, filter_id, title, "order") VALUES ('01KJB9Q9YJ29VFEK', '01KJB9Q9YHQF1GA3', '{"az":"MMA","en":"MMA","ru":"ММА"}', 4);
INSERT INTO category_filter_options (id, filter_id, title, "order") VALUES ('01KJB9Q9YJ60PKRJ', '01KJB9Q9YHQF1GA3', '{"az":"Mübarizə","en":"Wrestling","ru":"Борьба"}', 5);
INSERT INTO categories (id, title, is_active, parent_id, has_options, type) VALUES ('01KJB9Q9YJZ2ZJZH', '{"az":"Velosipedlər və aksesuarlar","en":"Bicycles & accessories","ru":"Велосипеды"}', true, '01KJB9Q9YH8K5AB3', true, 'normal');
INSERT INTO category_filters (id, category_id, title, type, "order") VALUES ('01KJB9Q9YJARXTSX', '01KJB9Q9YJZ2ZJZH', '{"az":"Növ","en":"Type","ru":"Тип"}', 'STATIC', 0);
INSERT INTO category_filter_options (id, filter_id, title, "order") VALUES ('01KJB9Q9YJQE6Y05', '01KJB9Q9YJARXTSX', '{"az":"Dağ","en":"Mountain","ru":"Горный"}', 0);
INSERT INTO category_filter_options (id, filter_id, title, "order") VALUES ('01KJB9Q9YJYW4N3H', '01KJB9Q9YJARXTSX', '{"az":"Şəhər","en":"City","ru":"Городской"}', 1);
INSERT INTO category_filter_options (id, filter_id, title, "order") VALUES ('01KJB9Q9YJGT1A70', '01KJB9Q9YJARXTSX', '{"az":"BMX","en":"BMX","ru":"BMX"}', 2);
INSERT INTO category_filter_options (id, filter_id, title, "order") VALUES ('01KJB9Q9YJXPR9GW', '01KJB9Q9YJARXTSX', '{"az":"Uşaq","en":"Kids","ru":"Детский"}', 3);
INSERT INTO category_filter_options (id, filter_id, title, "order") VALUES ('01KJB9Q9YJY57SDF', '01KJB9Q9YJARXTSX', '{"az":"Elektrik","en":"Electric","ru":"Электрический"}', 4);
INSERT INTO category_filter_options (id, filter_id, title, "order") VALUES ('01KJB9Q9YJV8VM0Q', '01KJB9Q9YJARXTSX', '{"az":"Yarış","en":"Road","ru":"Шоссейный"}', 5);
INSERT INTO category_filters (id, category_id, title, type, "order") VALUES ('01KJB9Q9YJ1KS7B6', '01KJB9Q9YJZ2ZJZH', '{"az":"Çərçivə ölçüsü","en":"Frame size","ru":"Размер рамы"}', 'STATIC', 1);
INSERT INTO category_filter_options (id, filter_id, title, "order") VALUES ('01KJB9Q9YJS29FSK', '01KJB9Q9YJ1KS7B6', '{"az":"13\"","en":"13\"","ru":"13\""}', 0);
INSERT INTO category_filter_options (id, filter_id, title, "order") VALUES ('01KJB9Q9YJT1JQBW', '01KJB9Q9YJ1KS7B6', '{"az":"15\"","en":"15\"","ru":"15\""}', 1);
INSERT INTO category_filter_options (id, filter_id, title, "order") VALUES ('01KJB9Q9YJ879DSX', '01KJB9Q9YJ1KS7B6', '{"az":"17\"","en":"17\"","ru":"17\""}', 2);
INSERT INTO category_filter_options (id, filter_id, title, "order") VALUES ('01KJB9Q9YJNRWQ33', '01KJB9Q9YJ1KS7B6', '{"az":"19\"","en":"19\"","ru":"19\""}', 3);
INSERT INTO category_filter_options (id, filter_id, title, "order") VALUES ('01KJB9Q9YJVAEEK2', '01KJB9Q9YJ1KS7B6', '{"az":"21\"","en":"21\"","ru":"21\""}', 4);
INSERT INTO category_filters (id, category_id, title, type, "order") VALUES ('01KJB9Q9YJH411H6', '01KJB9Q9YJZ2ZJZH', '{"az":"Disk sayı","en":"Speeds","ru":"Количество скоростей"}', 'STATIC', 2);
INSERT INTO category_filter_options (id, filter_id, title, "order") VALUES ('01KJB9Q9YJQT38VV', '01KJB9Q9YJH411H6', '{"az":"1 sürət","en":"1 speed","ru":"1 скорость"}', 0);
INSERT INTO category_filter_options (id, filter_id, title, "order") VALUES ('01KJB9Q9YJQ9DQKC', '01KJB9Q9YJH411H6', '{"az":"7 sürət","en":"7 speeds","ru":"7 скоростей"}', 1);
INSERT INTO category_filter_options (id, filter_id, title, "order") VALUES ('01KJB9Q9YJ7WE5PE', '01KJB9Q9YJH411H6', '{"az":"18 sürət","en":"18 speeds","ru":"18 скоростей"}', 2);
INSERT INTO category_filter_options (id, filter_id, title, "order") VALUES ('01KJB9Q9YJJV9VHK', '01KJB9Q9YJH411H6', '{"az":"21 sürət","en":"21 speeds","ru":"21 скорость"}', 3);
INSERT INTO category_filter_options (id, filter_id, title, "order") VALUES ('01KJB9Q9YJFF07NT', '01KJB9Q9YJH411H6', '{"az":"24+ sürət","en":"24+ speeds","ru":"24+ скоростей"}', 4);
INSERT INTO categories (id, title, is_active, parent_id, has_options, type) VALUES ('01KJB9Q9YJ3GZQMR', '{"az":"Rollerlər, Skeytbordlar və Skuterlər","en":"Rollers, Skates & Scooters","ru":"Ролики, скейты и самокаты"}', true, '01KJB9Q9YH8K5AB3', true, 'normal');
INSERT INTO category_filters (id, category_id, title, type, "order") VALUES ('01KJB9Q9YJG928E9', '01KJB9Q9YJ3GZQMR', '{"az":"Növ","en":"Type","ru":"Тип"}', 'STATIC', 0);
INSERT INTO category_filter_options (id, filter_id, title, "order") VALUES ('01KJB9Q9YJ090YNV', '01KJB9Q9YJG928E9', '{"az":"Rollerlər","en":"Roller skates","ru":"Ролики"}', 0);
INSERT INTO category_filter_options (id, filter_id, title, "order") VALUES ('01KJB9Q9YJW8FF7A', '01KJB9Q9YJG928E9', '{"az":"İnlayn rollerlər","en":"Inline skates","ru":"Роликовые коньки"}', 1);
INSERT INTO category_filter_options (id, filter_id, title, "order") VALUES ('01KJB9Q9YJR3G59T', '01KJB9Q9YJG928E9', '{"az":"Skeytbord","en":"Skateboard","ru":"Скейтборд"}', 2);
INSERT INTO category_filter_options (id, filter_id, title, "order") VALUES ('01KJB9Q9YJN0G1HS', '01KJB9Q9YJG928E9', '{"az":"Skuter","en":"Scooter","ru":"Самокат"}', 3);
INSERT INTO category_filter_options (id, filter_id, title, "order") VALUES ('01KJB9Q9YJQZNAJM', '01KJB9Q9YJG928E9', '{"az":"Elektrik skuter","en":"Electric scooter","ru":"Электросамокат"}', 4);
INSERT INTO categories (id, title, is_active, parent_id, has_options, type) VALUES ('01KJB9Q9YJNFPCNK', '{"az":"Çadırlar və Kembing","en":"Tents & Camping","ru":"Палатки и кемпинг"}', true, '01KJB9Q9YH8K5AB3', true, 'normal');
INSERT INTO category_filters (id, category_id, title, type, "order") VALUES ('01KJB9Q9YJ494CP3', '01KJB9Q9YJNFPCNK', '{"az":"Növ","en":"Type","ru":"Тип"}', 'STATIC', 0);
INSERT INTO category_filter_options (id, filter_id, title, "order") VALUES ('01KJB9Q9YJJGCFWX', '01KJB9Q9YJ494CP3', '{"az":"Çadır","en":"Tent","ru":"Палатка"}', 0);
INSERT INTO category_filter_options (id, filter_id, title, "order") VALUES ('01KJB9Q9YJSY93AQ', '01KJB9Q9YJ494CP3', '{"az":"Yataq kisəsi","en":"Sleeping bag","ru":"Спальный мешок"}', 1);
INSERT INTO category_filter_options (id, filter_id, title, "order") VALUES ('01KJB9Q9YJ1GNRBX', '01KJB9Q9YJ494CP3', '{"az":"Turistik mat","en":"Camping mat","ru":"Туристический коврик"}', 2);
INSERT INTO category_filter_options (id, filter_id, title, "order") VALUES ('01KJB9Q9YJ6GT77K', '01KJB9Q9YJ494CP3', '{"az":"Lanternalar","en":"Lanterns","ru":"Фонари"}', 3);
INSERT INTO category_filter_options (id, filter_id, title, "order") VALUES ('01KJB9Q9YJP2XRQD', '01KJB9Q9YJ494CP3', '{"az":"Portativ ocaq","en":"Portable stove","ru":"Портативная плита"}', 4);
INSERT INTO category_filters (id, category_id, title, type, "order") VALUES ('01KJB9Q9YJCETBWT', '01KJB9Q9YJNFPCNK', '{"az":"Mövsüm","en":"Season","ru":"Сезон"}', 'STATIC', 1);
INSERT INTO category_filter_options (id, filter_id, title, "order") VALUES ('01KJB9Q9YJ0A1V55', '01KJB9Q9YJCETBWT', '{"az":"3 mövsüm","en":"3-season","ru":"3-сезонная"}', 0);
INSERT INTO category_filter_options (id, filter_id, title, "order") VALUES ('01KJB9Q9YJHFPW7T', '01KJB9Q9YJCETBWT', '{"az":"4 mövsüm","en":"4-season","ru":"4-сезонная"}', 1);
INSERT INTO category_filter_options (id, filter_id, title, "order") VALUES ('01KJB9Q9YJ4EM1PZ', '01KJB9Q9YJCETBWT', '{"az":"Yay","en":"Summer","ru":"Летняя"}', 2);
INSERT INTO categories (id, title, is_active, parent_id, has_options, type) VALUES ('01KJB9Q9YJMZVGBE', '{"az":"Qış idman növləri","en":"Winter sports","ru":"Зимние виды спорта"}', true, '01KJB9Q9YH8K5AB3', true, 'normal');
INSERT INTO category_filters (id, category_id, title, type, "order") VALUES ('01KJB9Q9YJTV3SEH', '01KJB9Q9YJMZVGBE', '{"az":"Növ","en":"Type","ru":"Тип"}', 'STATIC', 0);
INSERT INTO category_filter_options (id, filter_id, title, "order") VALUES ('01KJB9Q9YJ85VPH5', '01KJB9Q9YJTV3SEH', '{"az":"Xizəklər","en":"Ski","ru":"Лыжи"}', 0);
INSERT INTO category_filter_options (id, filter_id, title, "order") VALUES ('01KJB9Q9YJMP2EYA', '01KJB9Q9YJTV3SEH', '{"az":"Snowboard","en":"Snowboard","ru":"Snowboard"}', 1);
INSERT INTO category_filter_options (id, filter_id, title, "order") VALUES ('01KJB9Q9YJ0M1WED', '01KJB9Q9YJTV3SEH', '{"az":"Buzda sürüşmə","en":"Ice skates","ru":"Коньки"}', 2);
INSERT INTO category_filter_options (id, filter_id, title, "order") VALUES ('01KJB9Q9YJ5G30PC', '01KJB9Q9YJTV3SEH', '{"az":"Xizək geyimi","en":"Ski apparel","ru":"Горнолыжная одежда"}', 3);
INSERT INTO category_filter_options (id, filter_id, title, "order") VALUES ('01KJB9Q9YJD99867', '01KJB9Q9YJTV3SEH', '{"az":"Xizək çəkməsi","en":"Ski boots","ru":"Горнолыжные ботинки"}', 4);
INSERT INTO category_filter_options (id, filter_id, title, "order") VALUES ('01KJB9Q9YJ7NMQAZ', '01KJB9Q9YJTV3SEH', '{"az":"Kask/Eynək","en":"Helmet/Goggles","ru":"Шлем/Маска"}', 5);
INSERT INTO categories (id, title, is_active, parent_id, has_options, type) VALUES ('01KJB9Q9YJ7R6T7Q', '{"az":"Ovçuluq və Balıqçılıq","en":"Hunting & Fishing","ru":"Охота и рыбалка"}', true, '01KJB9Q9YH8K5AB3', true, 'normal');
INSERT INTO category_filters (id, category_id, title, type, "order") VALUES ('01KJB9Q9YJAWEMEK', '01KJB9Q9YJ7R6T7Q', '{"az":"Növ","en":"Type","ru":"Тип"}', 'STATIC', 0);
INSERT INTO category_filter_options (id, filter_id, title, "order") VALUES ('01KJB9Q9YJ0VD4TS', '01KJB9Q9YJAWEMEK', '{"az":"Balıq otu/Qarmaq","en":"Fishing rod/Hook","ru":"Удочка/Крючок"}', 0);
INSERT INTO category_filter_options (id, filter_id, title, "order") VALUES ('01KJB9Q9YJ07KPJ3', '01KJB9Q9YJAWEMEK', '{"az":"Qayıq","en":"Boat","ru":"Лодка"}', 1);
INSERT INTO category_filter_options (id, filter_id, title, "order") VALUES ('01KJB9Q9YJCTC4Y6', '01KJB9Q9YJAWEMEK', '{"az":"Xəz/Yem","en":"Lure/Bait","ru":"Приманка/Наживка"}', 2);
INSERT INTO category_filter_options (id, filter_id, title, "order") VALUES ('01KJB9Q9YJ668XPW', '01KJB9Q9YJAWEMEK', '{"az":"Balıqçı geyimi","en":"Fishing clothing","ru":"Рыболовная одежда"}', 3);
INSERT INTO category_filter_options (id, filter_id, title, "order") VALUES ('01KJB9Q9YJFKNTFC', '01KJB9Q9YJAWEMEK', '{"az":"Ovçuluq üçün","en":"Hunting equipment","ru":"Охотничье снаряжение"}', 4);
INSERT INTO categories (id, title, is_active, parent_id, has_options, type) VALUES ('01KJB9Q9YJSHMYXZ', '{"az":"Musiqi alətləri","en":"Musical instruments","ru":"Музыкальные инструменты"}', true, '01KJB9Q9YH8K5AB3', true, 'normal');
INSERT INTO category_filters (id, category_id, title, type, "order") VALUES ('01KJB9Q9YJ6XKQ4X', '01KJB9Q9YJSHMYXZ', '{"az":"Vəziyyəti","en":"Condition","ru":"Состояние"}', 'STATIC', 0);
INSERT INTO category_filter_options (id, filter_id, title, "order") VALUES ('01KJB9Q9YJFJS3NE', '01KJB9Q9YJ6XKQ4X', '{"az":"Yeni","en":"New","ru":"Новый"}', 0);
INSERT INTO category_filter_options (id, filter_id, title, "order") VALUES ('01KJB9Q9YJ7B0FXX', '01KJB9Q9YJ6XKQ4X', '{"az":"İşlənmiş","en":"Used","ru":"Б/у"}', 1);
INSERT INTO category_filters (id, category_id, title, type, "order") VALUES ('01KJB9Q9YJFJT4TR', '01KJB9Q9YJSHMYXZ', '{"az":"Növ","en":"Type","ru":"Тип"}', 'STATIC', 1);
INSERT INTO category_filter_options (id, filter_id, title, "order") VALUES ('01KJB9Q9YJ52HHNR', '01KJB9Q9YJFJT4TR', '{"az":"Gitara","en":"Guitar","ru":"Гитара"}', 0);
INSERT INTO category_filter_options (id, filter_id, title, "order") VALUES ('01KJB9Q9YJ3E1NYM', '01KJB9Q9YJFJT4TR', '{"az":"Bas gitara","en":"Bass guitar","ru":"Бас-гитара"}', 1);
INSERT INTO category_filter_options (id, filter_id, title, "order") VALUES ('01KJB9Q9YJR22TSK', '01KJB9Q9YJFJT4TR', '{"az":"Pianino/Sintezator","en":"Piano/Synth","ru":"Пианино/Синтезатор"}', 2);
INSERT INTO category_filter_options (id, filter_id, title, "order") VALUES ('01KJB9Q9YJT5VFPF', '01KJB9Q9YJFJT4TR', '{"az":"Barabanlər","en":"Drums","ru":"Ударные"}', 3);
INSERT INTO category_filter_options (id, filter_id, title, "order") VALUES ('01KJB9Q9YJNK0DYP', '01KJB9Q9YJFJT4TR', '{"az":"Nəfəsli","en":"Wind","ru":"Духовые"}', 4);
INSERT INTO category_filter_options (id, filter_id, title, "order") VALUES ('01KJB9Q9YJWZGRS6', '01KJB9Q9YJFJT4TR', '{"az":"Skripka","en":"Violin","ru":"Скрипка"}', 5);
INSERT INTO category_filter_options (id, filter_id, title, "order") VALUES ('01KJB9Q9YJE0FDFN', '01KJB9Q9YJFJT4TR', '{"az":"Tar/Saz","en":"Tar/Saz","ru":"Тар/Саз"}', 6);
INSERT INTO category_filter_options (id, filter_id, title, "order") VALUES ('01KJB9Q9YJ98NF5W', '01KJB9Q9YJFJT4TR', '{"az":"Zurna","en":"Zurna","ru":"Зурна"}', 7);
INSERT INTO category_filter_options (id, filter_id, title, "order") VALUES ('01KJB9Q9YJNCAPY6', '01KJB9Q9YJFJT4TR', '{"az":"Studiya avadanlığı","en":"Studio equipment","ru":"Студ. оборудование"}', 8);
INSERT INTO category_filters (id, category_id, title, type, "order") VALUES ('01KJB9Q9YJX7AGY2', '01KJB9Q9YJSHMYXZ', '{"az":"Marka","en":"Brand","ru":"Марка"}', 'STATIC', 2);
INSERT INTO category_filter_options (id, filter_id, title, "order") VALUES ('01KJB9Q9YJP8CVTB', '01KJB9Q9YJX7AGY2', '{"az":"Yamaha","en":"Yamaha","ru":"Yamaha"}', 0);
INSERT INTO category_filter_options (id, filter_id, title, "order") VALUES ('01KJB9Q9YJ1H9600', '01KJB9Q9YJX7AGY2', '{"az":"Fender","en":"Fender","ru":"Fender"}', 1);
INSERT INTO category_filter_options (id, filter_id, title, "order") VALUES ('01KJB9Q9YJTRDSDQ', '01KJB9Q9YJX7AGY2', '{"az":"Gibson","en":"Gibson","ru":"Gibson"}', 2);
INSERT INTO category_filter_options (id, filter_id, title, "order") VALUES ('01KJB9Q9YJERSRB8', '01KJB9Q9YJX7AGY2', '{"az":"Roland","en":"Roland","ru":"Roland"}', 3);
INSERT INTO category_filter_options (id, filter_id, title, "order") VALUES ('01KJB9Q9YJZP0QGB', '01KJB9Q9YJX7AGY2', '{"az":"Casio","en":"Casio","ru":"Casio"}', 4);
INSERT INTO category_filter_options (id, filter_id, title, "order") VALUES ('01KJB9Q9YJ59BGG8', '01KJB9Q9YJX7AGY2', '{"az":"Digər","en":"Other","ru":"Другое"}', 5);
INSERT INTO categories (id, title, is_active, parent_id, has_options, type) VALUES ('01KJB9Q9YJZVGHYJ', '{"az":"Kitablar və jurnallar","en":"Books & Magazines","ru":"Книги и журналы"}', true, '01KJB9Q9YH8K5AB3', true, 'normal');
INSERT INTO category_filters (id, category_id, title, type, "order") VALUES ('01KJB9Q9YJ9BH649', '01KJB9Q9YJZVGHYJ', '{"az":"Dil","en":"Language","ru":"Язык"}', 'STATIC', 0);
INSERT INTO category_filter_options (id, filter_id, title, "order") VALUES ('01KJB9Q9YJQXWPP9', '01KJB9Q9YJ9BH649', '{"az":"Azərbaycan","en":"Azerbaijani","ru":"Азербайджанский"}', 0);
INSERT INTO category_filter_options (id, filter_id, title, "order") VALUES ('01KJB9Q9YJBD3JFC', '01KJB9Q9YJ9BH649', '{"az":"Rus","en":"Russian","ru":"Русский"}', 1);
INSERT INTO category_filter_options (id, filter_id, title, "order") VALUES ('01KJB9Q9YJ8JFH8S', '01KJB9Q9YJ9BH649', '{"az":"İngilis","en":"English","ru":"Английский"}', 2);
INSERT INTO category_filter_options (id, filter_id, title, "order") VALUES ('01KJB9Q9YJJV9HJH', '01KJB9Q9YJ9BH649', '{"az":"Türk","en":"Turkish","ru":"Турецкий"}', 3);
INSERT INTO category_filters (id, category_id, title, type, "order") VALUES ('01KJB9Q9YJB5W5FG', '01KJB9Q9YJZVGHYJ', '{"az":"Janr","en":"Genre","ru":"Жанр"}', 'STATIC', 1);
INSERT INTO category_filter_options (id, filter_id, title, "order") VALUES ('01KJB9Q9YJDFAPK1', '01KJB9Q9YJB5W5FG', '{"az":"Bədii ədəbiyyat","en":"Fiction","ru":"Художественная литература"}', 0);
INSERT INTO category_filter_options (id, filter_id, title, "order") VALUES ('01KJB9Q9YJ6VJ9HR', '01KJB9Q9YJB5W5FG', '{"az":"Uşaqlar üçün","en":"Kids","ru":"Для детей"}', 1);
INSERT INTO category_filter_options (id, filter_id, title, "order") VALUES ('01KJB9Q9YJ5F481X', '01KJB9Q9YJB5W5FG', '{"az":"Elmi populyar","en":"Popular Science","ru":"Научпоп"}', 2);
INSERT INTO category_filter_options (id, filter_id, title, "order") VALUES ('01KJB9Q9YJJ55WTE', '01KJB9Q9YJB5W5FG', '{"az":"Tarixi","en":"History","ru":"История"}', 3);
INSERT INTO category_filter_options (id, filter_id, title, "order") VALUES ('01KJB9Q9YJD6QN6T', '01KJB9Q9YJB5W5FG', '{"az":"Biznes","en":"Business","ru":"Бизнес"}', 4);
INSERT INTO category_filter_options (id, filter_id, title, "order") VALUES ('01KJB9Q9YJCCXA4F', '01KJB9Q9YJB5W5FG', '{"az":"Şeir","en":"Poetry","ru":"Поэзия"}', 5);
INSERT INTO category_filter_options (id, filter_id, title, "order") VALUES ('01KJB9Q9YJMA2FEJ', '01KJB9Q9YJB5W5FG', '{"az":"Dərslik","en":"Textbook","ru":"Учебник"}', 6);
INSERT INTO category_filter_options (id, filter_id, title, "order") VALUES ('01KJB9Q9YJRR7VDD', '01KJB9Q9YJB5W5FG', '{"az":"Jurnal","en":"Magazine","ru":"Журнал"}', 7);
INSERT INTO categories (id, title, is_active, parent_id, has_options, type) VALUES ('01KJB9Q9YJ94S7QP', '{"az":"Kolleksiya və antikvar","en":"Antiques & collectibles","ru":"Антиквариат"}', true, '01KJB9Q9YH8K5AB3', true, 'normal');
INSERT INTO category_filters (id, category_id, title, type, "order") VALUES ('01KJB9Q9YJESGM8Y', '01KJB9Q9YJ94S7QP', '{"az":"Növ","en":"Type","ru":"Тип"}', 'STATIC', 0);
INSERT INTO category_filter_options (id, filter_id, title, "order") VALUES ('01KJB9Q9YJYEB6WY', '01KJB9Q9YJESGM8Y', '{"az":"Sikkələr","en":"Coins","ru":"Монеты"}', 0);
INSERT INTO category_filter_options (id, filter_id, title, "order") VALUES ('01KJB9Q9YJNA6711', '01KJB9Q9YJESGM8Y', '{"az":"Markalar","en":"Stamps","ru":"Марки"}', 1);
INSERT INTO category_filter_options (id, filter_id, title, "order") VALUES ('01KJB9Q9YJFMC80C', '01KJB9Q9YJESGM8Y', '{"az":"Əskinaslar","en":"Banknotes","ru":"Банкноты"}', 2);
INSERT INTO category_filter_options (id, filter_id, title, "order") VALUES ('01KJB9Q9YJD780ED', '01KJB9Q9YJESGM8Y', '{"az":"Antikvar əşyalar","en":"Antiques","ru":"Антиквариат"}', 3);
INSERT INTO category_filter_options (id, filter_id, title, "order") VALUES ('01KJB9Q9YJR4RKM6', '01KJB9Q9YJESGM8Y', '{"az":"Kolleksioner oyuncaqlar","en":"Collectible toys","ru":"Коллекционные игрушки"}', 4);
INSERT INTO category_filter_options (id, filter_id, title, "order") VALUES ('01KJB9Q9YJZ2CXP0', '01KJB9Q9YJESGM8Y', '{"az":"Şəkillər/Rəsmlər","en":"Art/Paintings","ru":"Картины"}', 5);
INSERT INTO category_filters (id, category_id, title, type, "order") VALUES ('01KJB9Q9YJNWBKEJ', '01KJB9Q9YJ94S7QP', '{"az":"Dövrü","en":"Era","ru":"Период"}', 'STATIC', 1);
INSERT INTO category_filter_options (id, filter_id, title, "order") VALUES ('01KJB9Q9YJTH690X', '01KJB9Q9YJNWBKEJ', '{"az":"Sovet dövrü","en":"Soviet era","ru":"Советская эпоха"}', 0);
INSERT INTO category_filter_options (id, filter_id, title, "order") VALUES ('01KJB9Q9YJV3B7A0', '01KJB9Q9YJNWBKEJ', '{"az":"Çar dövrü","en":"Tsarist era","ru":"Царская эпоха"}', 1);
INSERT INTO category_filter_options (id, filter_id, title, "order") VALUES ('01KJB9Q9YJQS877S', '01KJB9Q9YJNWBKEJ', '{"az":"Müasir","en":"Modern","ru":"Современный"}', 2);
INSERT INTO categories (id, title, is_active, parent_id, has_options, type) VALUES ('01KJB9Q9YJK27DGE', '{"az":"Biletlər və Səyahət","en":"Tickets & Travel","ru":"Билеты и путешествия"}', true, '01KJB9Q9YH8K5AB3', true, 'normal');
INSERT INTO category_filters (id, category_id, title, type, "order") VALUES ('01KJB9Q9YJC3DYHD', '01KJB9Q9YJK27DGE', '{"az":"Növ","en":"Type","ru":"Тип"}', 'STATIC', 0);
INSERT INTO category_filter_options (id, filter_id, title, "order") VALUES ('01KJB9Q9YJVGFAV0', '01KJB9Q9YJC3DYHD', '{"az":"Konsert/Hadisə","en":"Concert/Event","ru":"Концерт/Ивент"}', 0);
INSERT INTO category_filter_options (id, filter_id, title, "order") VALUES ('01KJB9Q9YJC761N3', '01KJB9Q9YJC3DYHD', '{"az":"Kino","en":"Cinema","ru":"Кино"}', 1);
INSERT INTO category_filter_options (id, filter_id, title, "order") VALUES ('01KJB9Q9YJZGKQD2', '01KJB9Q9YJC3DYHD', '{"az":"İdman oyunu","en":"Sports match","ru":"Спортивный матч"}', 2);
INSERT INTO category_filter_options (id, filter_id, title, "order") VALUES ('01KJB9Q9YJZREAMC', '01KJB9Q9YJC3DYHD', '{"az":"Turizm paketi","en":"Travel package","ru":"Тур. пакет"}', 3);
INSERT INTO category_filter_options (id, filter_id, title, "order") VALUES ('01KJB9Q9YJSFSYC1', '01KJB9Q9YJC3DYHD', '{"az":"Otel","en":"Hotel","ru":"Отель"}', 4);

COMMIT;
