BEGIN;

-- ==========================================
-- Ev və Bağ / Home & Garden / Дом и Сад
-- ==========================================
INSERT INTO categories (id, title, is_active, parent_id, has_options, type) VALUES ('01KJB9Q9Y5K20MTV', '{"az":"Ev və Bağ","en":"Home & Garden","ru":"Дом и Сад"}', true, NULL, false, 'normal');
INSERT INTO category_filters (id, category_id, title, type, "order") VALUES ('01KJB9Q9Y57VFJDH', '01KJB9Q9Y5K20MTV', '{"az":"Vəziyyəti","en":"Condition","ru":"Состояние"}', 'STATIC', 0);
INSERT INTO category_filter_options (id, filter_id, title, "order") VALUES ('01KJB9Q9Y5ZD6H1A', '01KJB9Q9Y57VFJDH', '{"az":"Yeni","en":"New","ru":"Новый"}', 0);
INSERT INTO category_filter_options (id, filter_id, title, "order") VALUES ('01KJB9Q9Y5XTNZPK', '01KJB9Q9Y57VFJDH', '{"az":"İşlənmiş","en":"Used","ru":"Б/у"}', 1);
INSERT INTO category_filters (id, category_id, title, type, "order") VALUES ('01KJB9Q9Y57AKJWM', '01KJB9Q9Y5K20MTV', '{"az":"Çatdırılma","en":"Delivery","ru":"Доставка"}', 'STATIC', 1);
INSERT INTO category_filter_options (id, filter_id, title, "order") VALUES ('01KJB9Q9Y5SKB2HM', '01KJB9Q9Y57AKJWM', '{"az":"Pulsuz","en":"Free","ru":"Бесплатно"}', 0);
INSERT INTO category_filter_options (id, filter_id, title, "order") VALUES ('01KJB9Q9Y5WJCH44', '01KJB9Q9Y57AKJWM', '{"az":"Ödənişli","en":"Paid","ru":"Платно"}', 1);
INSERT INTO category_filter_options (id, filter_id, title, "order") VALUES ('01KJB9Q9Y5SK7AS6', '01KJB9Q9Y57AKJWM', '{"az":"Yoxdur","en":"No","ru":"Нет"}', 2);
INSERT INTO categories (id, title, is_active, parent_id, has_options, type) VALUES ('01KJB9Q9Y5W45D2P', '{"az":"Ev mebeli","en":"Home furniture","ru":"Мебель для дома"}', true, '01KJB9Q9Y5K20MTV', true, 'normal');
INSERT INTO category_filters (id, category_id, title, type, "order") VALUES ('01KJB9Q9Y57ZJ9VN', '01KJB9Q9Y5W45D2P', '{"az":"Otaq","en":"Room","ru":"Комната"}', 'STATIC', 0);
INSERT INTO category_filter_options (id, filter_id, title, "order") VALUES ('01KJB9Q9Y5AWER7B', '01KJB9Q9Y57ZJ9VN', '{"az":"Qonaq otağı","en":"Living room","ru":"Гостиная"}', 0);
INSERT INTO category_filter_options (id, filter_id, title, "order") VALUES ('01KJB9Q9Y5VKD0NK', '01KJB9Q9Y57ZJ9VN', '{"az":"Yataq otağı","en":"Bedroom","ru":"Спальня"}', 1);
INSERT INTO category_filter_options (id, filter_id, title, "order") VALUES ('01KJB9Q9Y59JEHEJ', '01KJB9Q9Y57ZJ9VN', '{"az":"Mətbəx","en":"Kitchen","ru":"Кухня"}', 2);
INSERT INTO category_filter_options (id, filter_id, title, "order") VALUES ('01KJB9Q9Y5A1XFZE', '01KJB9Q9Y57ZJ9VN', '{"az":"Uşaq otağı","en":"Kids room","ru":"Детская"}', 3);
INSERT INTO category_filter_options (id, filter_id, title, "order") VALUES ('01KJB9Q9Y52ZVTKN', '01KJB9Q9Y57ZJ9VN', '{"az":"Hamam","en":"Bathroom","ru":"Ванная"}', 4);
INSERT INTO category_filters (id, category_id, title, type, "order") VALUES ('01KJB9Q9Y5SCEN8K', '01KJB9Q9Y5W45D2P', '{"az":"Növ","en":"Type","ru":"Тип"}', 'STATIC', 1);
INSERT INTO category_filter_options (id, filter_id, title, "order") VALUES ('01KJB9Q9Y63RAVP0', '01KJB9Q9Y5SCEN8K', '{"az":"Divan","en":"Sofa","ru":"Диван"}', 0);
INSERT INTO category_filter_options (id, filter_id, title, "order") VALUES ('01KJB9Q9Y6HMZQC7', '01KJB9Q9Y5SCEN8K', '{"az":"Kreslo","en":"Armchair","ru":"Кресло"}', 1);
INSERT INTO category_filter_options (id, filter_id, title, "order") VALUES ('01KJB9Q9Y6JEXKNH', '01KJB9Q9Y5SCEN8K', '{"az":"Çarpayı","en":"Bed","ru":"Кровать"}', 2);
INSERT INTO category_filter_options (id, filter_id, title, "order") VALUES ('01KJB9Q9Y6D2T118', '01KJB9Q9Y5SCEN8K', '{"az":"Şkaf","en":"Wardrobe","ru":"Шкаф"}', 3);
INSERT INTO category_filter_options (id, filter_id, title, "order") VALUES ('01KJB9Q9Y6C0RXM0', '01KJB9Q9Y5SCEN8K', '{"az":"Masa","en":"Table","ru":"Стол"}', 4);
INSERT INTO category_filter_options (id, filter_id, title, "order") VALUES ('01KJB9Q9Y63PD6KA', '01KJB9Q9Y5SCEN8K', '{"az":"Stul","en":"Chair","ru":"Стул"}', 5);
INSERT INTO category_filter_options (id, filter_id, title, "order") VALUES ('01KJB9Q9Y640KSKM', '01KJB9Q9Y5SCEN8K', '{"az":"Kitabxana","en":"Bookshelf","ru":"Стеллаж"}', 6);
INSERT INTO category_filter_options (id, filter_id, title, "order") VALUES ('01KJB9Q9Y6KXSE76', '01KJB9Q9Y5SCEN8K', '{"az":"Künc mebel","en":"Corner set","ru":"Угловой набор"}', 7);
INSERT INTO category_filters (id, category_id, title, type, "order") VALUES ('01KJB9Q9Y693Q3VW', '01KJB9Q9Y5W45D2P', '{"az":"Material","en":"Material","ru":"Материал"}', 'STATIC', 2);
INSERT INTO category_filter_options (id, filter_id, title, "order") VALUES ('01KJB9Q9Y6FYWV3E', '01KJB9Q9Y693Q3VW', '{"az":"Taxta","en":"Wood","ru":"Дерево"}', 0);
INSERT INTO category_filter_options (id, filter_id, title, "order") VALUES ('01KJB9Q9Y6F5RZEK', '01KJB9Q9Y693Q3VW', '{"az":"Laminat","en":"Laminate","ru":"Ламинат"}', 1);
INSERT INTO category_filter_options (id, filter_id, title, "order") VALUES ('01KJB9Q9Y6RD8NMC', '01KJB9Q9Y693Q3VW', '{"az":"Metal","en":"Metal","ru":"Металл"}', 2);
INSERT INTO category_filter_options (id, filter_id, title, "order") VALUES ('01KJB9Q9Y6QE4M5C', '01KJB9Q9Y693Q3VW', '{"az":"Dəri","en":"Leather","ru":"Кожа"}', 3);
INSERT INTO category_filter_options (id, filter_id, title, "order") VALUES ('01KJB9Q9Y6S4RTX0', '01KJB9Q9Y693Q3VW', '{"az":"Parça","en":"Fabric","ru":"Ткань"}', 4);
INSERT INTO categories (id, title, is_active, parent_id, has_options, type) VALUES ('01KJB9Q9Y624DCTQ', '{"az":"Ofis mebeli","en":"Office furniture","ru":"Офисная мебель"}', true, '01KJB9Q9Y5K20MTV', true, 'normal');
INSERT INTO category_filters (id, category_id, title, type, "order") VALUES ('01KJB9Q9Y6C5DZKR', '01KJB9Q9Y624DCTQ', '{"az":"Növ","en":"Type","ru":"Тип"}', 'STATIC', 0);
INSERT INTO category_filter_options (id, filter_id, title, "order") VALUES ('01KJB9Q9Y6FPVP02', '01KJB9Q9Y6C5DZKR', '{"az":"İş masası","en":"Desk","ru":"Рабочий стол"}', 0);
INSERT INTO category_filter_options (id, filter_id, title, "order") VALUES ('01KJB9Q9Y6VMZ02F', '01KJB9Q9Y6C5DZKR', '{"az":"Ofis kreslosu","en":"Office chair","ru":"Офисное кресло"}', 1);
INSERT INTO category_filter_options (id, filter_id, title, "order") VALUES ('01KJB9Q9Y601PZ2W', '01KJB9Q9Y6C5DZKR', '{"az":"Konfrans masası","en":"Conference table","ru":"Конференц-стол"}', 2);
INSERT INTO category_filter_options (id, filter_id, title, "order") VALUES ('01KJB9Q9Y64WDH5E', '01KJB9Q9Y6C5DZKR', '{"az":"Şkaf","en":"Cabinet","ru":"Шкаф"}', 3);
INSERT INTO category_filter_options (id, filter_id, title, "order") VALUES ('01KJB9Q9Y62T931X', '01KJB9Q9Y6C5DZKR', '{"az":"Rəf","en":"Shelf","ru":"Полка"}', 4);
INSERT INTO category_filter_options (id, filter_id, title, "order") VALUES ('01KJB9Q9Y6927X1W', '01KJB9Q9Y6C5DZKR', '{"az":"Locker","en":"Locker","ru":"Локер"}', 5);
INSERT INTO category_filters (id, category_id, title, type, "order") VALUES ('01KJB9Q9Y6G4GGP6', '01KJB9Q9Y624DCTQ', '{"az":"Material","en":"Material","ru":"Материал"}', 'STATIC', 1);
INSERT INTO category_filter_options (id, filter_id, title, "order") VALUES ('01KJB9Q9Y6SC5G98', '01KJB9Q9Y6G4GGP6', '{"az":"Taxta","en":"Wood","ru":"Дерево"}', 0);
INSERT INTO category_filter_options (id, filter_id, title, "order") VALUES ('01KJB9Q9Y6DRS6CA', '01KJB9Q9Y6G4GGP6', '{"az":"Metal","en":"Metal","ru":"Металл"}', 1);
INSERT INTO category_filter_options (id, filter_id, title, "order") VALUES ('01KJB9Q9Y6ESDA2W', '01KJB9Q9Y6G4GGP6', '{"az":"Şüşə","en":"Glass","ru":"Стекло"}', 2);
INSERT INTO categories (id, title, is_active, parent_id, has_options, type) VALUES ('01KJB9Q9Y6Q99GE8', '{"az":"Qapılar və Pəncərələr","en":"Doors & Windows","ru":"Двери и Окна"}', true, '01KJB9Q9Y5K20MTV', true, 'normal');
INSERT INTO category_filters (id, category_id, title, type, "order") VALUES ('01KJB9Q9Y6189BD9', '01KJB9Q9Y6Q99GE8', '{"az":"Növ","en":"Type","ru":"Тип"}', 'STATIC', 0);
INSERT INTO category_filter_options (id, filter_id, title, "order") VALUES ('01KJB9Q9Y64PSG6T', '01KJB9Q9Y6189BD9', '{"az":"Daxili qapı","en":"Interior door","ru":"Межкомнатная дверь"}', 0);
INSERT INTO category_filter_options (id, filter_id, title, "order") VALUES ('01KJB9Q9Y6BD8YWQ', '01KJB9Q9Y6189BD9', '{"az":"Giriş qapısı","en":"Entrance door","ru":"Входная дверь"}', 1);
INSERT INTO category_filter_options (id, filter_id, title, "order") VALUES ('01KJB9Q9Y6EPE1XA', '01KJB9Q9Y6189BD9', '{"az":"Pəncərə","en":"Window","ru":"Окно"}', 2);
INSERT INTO category_filter_options (id, filter_id, title, "order") VALUES ('01KJB9Q9Y65M1PRG', '01KJB9Q9Y6189BD9', '{"az":"Seyf qapı","en":"Safe door","ru":"Сейфовая дверь"}', 3);
INSERT INTO category_filter_options (id, filter_id, title, "order") VALUES ('01KJB9Q9Y6DDYK7T', '01KJB9Q9Y6189BD9', '{"az":"Sürgülü qapı","en":"Sliding door","ru":"Раздвижная дверь"}', 4);
INSERT INTO category_filters (id, category_id, title, type, "order") VALUES ('01KJB9Q9Y6TY1E88', '01KJB9Q9Y6Q99GE8', '{"az":"Material","en":"Material","ru":"Материал"}', 'STATIC', 1);
INSERT INTO category_filter_options (id, filter_id, title, "order") VALUES ('01KJB9Q9Y6NYWVCD', '01KJB9Q9Y6TY1E88', '{"az":"Taxta","en":"Wood","ru":"Дерево"}', 0);
INSERT INTO category_filter_options (id, filter_id, title, "order") VALUES ('01KJB9Q9Y6N2SP60', '01KJB9Q9Y6TY1E88', '{"az":"Plastik","en":"PVC","ru":"Пластик"}', 1);
INSERT INTO category_filter_options (id, filter_id, title, "order") VALUES ('01KJB9Q9Y6YHNSH9', '01KJB9Q9Y6TY1E88', '{"az":"Alüminium","en":"Aluminium","ru":"Алюминий"}', 2);
INSERT INTO category_filter_options (id, filter_id, title, "order") VALUES ('01KJB9Q9Y6ZT3S7M', '01KJB9Q9Y6TY1E88', '{"az":"Dəmir","en":"Steel","ru":"Сталь"}', 3);
INSERT INTO categories (id, title, is_active, parent_id, has_options, type) VALUES ('01KJB9Q9Y6H99F82', '{"az":"Ev tekstili","en":"Home textiles","ru":"Домашний текстиль"}', true, '01KJB9Q9Y5K20MTV', true, 'normal');
INSERT INTO category_filters (id, category_id, title, type, "order") VALUES ('01KJB9Q9Y66BDW1Q', '01KJB9Q9Y6H99F82', '{"az":"Növ","en":"Type","ru":"Тип"}', 'STATIC', 0);
INSERT INTO category_filter_options (id, filter_id, title, "order") VALUES ('01KJB9Q9Y6AF1FKG', '01KJB9Q9Y66BDW1Q', '{"az":"Yataq dəsti","en":"Bedding set","ru":"Постельное белье"}', 0);
INSERT INTO category_filter_options (id, filter_id, title, "order") VALUES ('01KJB9Q9Y6TVK4XV', '01KJB9Q9Y66BDW1Q', '{"az":"Pərdə","en":"Curtains","ru":"Шторы"}', 1);
INSERT INTO category_filter_options (id, filter_id, title, "order") VALUES ('01KJB9Q9Y60R99Q4', '01KJB9Q9Y66BDW1Q', '{"az":"Xalça","en":"Carpet","ru":"Ковер"}', 2);
INSERT INTO category_filter_options (id, filter_id, title, "order") VALUES ('01KJB9Q9Y6BYBWXS', '01KJB9Q9Y66BDW1Q', '{"az":"Dəsmal","en":"Towel","ru":"Полотенце"}', 3);
INSERT INTO category_filter_options (id, filter_id, title, "order") VALUES ('01KJB9Q9Y6AMXAG7', '01KJB9Q9Y66BDW1Q', '{"az":"Yorğan","en":"Quilt","ru":"Одеяло"}', 4);
INSERT INTO category_filter_options (id, filter_id, title, "order") VALUES ('01KJB9Q9Y6ECT6A6', '01KJB9Q9Y66BDW1Q', '{"az":"Yastıq","en":"Pillow","ru":"Подушка"}', 5);
INSERT INTO category_filter_options (id, filter_id, title, "order") VALUES ('01KJB9Q9Y6B6D9G8', '01KJB9Q9Y66BDW1Q', '{"az":"Halıça","en":"Rug","ru":"Коврик"}', 6);
INSERT INTO category_filters (id, category_id, title, type, "order") VALUES ('01KJB9Q9Y6G7ZG6C', '01KJB9Q9Y6H99F82', '{"az":"Ölçü","en":"Size","ru":"Размер"}', 'STATIC', 1);
INSERT INTO category_filter_options (id, filter_id, title, "order") VALUES ('01KJB9Q9Y6B6XJ55', '01KJB9Q9Y6G7ZG6C', '{"az":"Tək","en":"Single","ru":"Одноместный"}', 0);
INSERT INTO category_filter_options (id, filter_id, title, "order") VALUES ('01KJB9Q9Y65JW3FC', '01KJB9Q9Y6G7ZG6C', '{"az":"Cüt","en":"Double","ru":"Двуспальный"}', 1);
INSERT INTO category_filter_options (id, filter_id, title, "order") VALUES ('01KJB9Q9Y6QF4ZHV', '01KJB9Q9Y6G7ZG6C', '{"az":"Kral","en":"King","ru":"Королевский"}', 2);
INSERT INTO category_filter_options (id, filter_id, title, "order") VALUES ('01KJB9Q9Y60J59DX', '01KJB9Q9Y6G7ZG6C', '{"az":"Standart","en":"Standard","ru":"Стандарт"}', 3);
INSERT INTO categories (id, title, is_active, parent_id, has_options, type) VALUES ('01KJB9Q9Y68E25P2', '{"az":"Qab-qacaq və mətbəx ləvazimatları","en":"Kitchenware","ru":"Посуда и кухня"}', true, '01KJB9Q9Y5K20MTV', true, 'normal');
INSERT INTO category_filters (id, category_id, title, type, "order") VALUES ('01KJB9Q9Y6SJ1YDF', '01KJB9Q9Y68E25P2', '{"az":"Növ","en":"Type","ru":"Тип"}', 'STATIC', 0);
INSERT INTO category_filter_options (id, filter_id, title, "order") VALUES ('01KJB9Q9Y67A3X39', '01KJB9Q9Y6SJ1YDF', '{"az":"Qazan/Tava seti","en":"Cookware set","ru":"Набор кастрюль/сковород"}', 0);
INSERT INTO category_filter_options (id, filter_id, title, "order") VALUES ('01KJB9Q9Y6NHHSA7', '01KJB9Q9Y6SJ1YDF', '{"az":"Bıçaq dəsti","en":"Knife set","ru":"Набор ножей"}', 1);
INSERT INTO category_filter_options (id, filter_id, title, "order") VALUES ('01KJB9Q9Y6WY1QZ1', '01KJB9Q9Y6SJ1YDF', '{"az":"Yeməkxana servizi","en":"Dinner set","ru":"Сервиз"}', 2);
INSERT INTO category_filter_options (id, filter_id, title, "order") VALUES ('01KJB9Q9Y6SSKJ75', '01KJB9Q9Y6SJ1YDF', '{"az":"Çay/Qəhvə dəsti","en":"Tea/Coffee set","ru":"Чайный/кофейный сервиз"}', 3);
INSERT INTO category_filter_options (id, filter_id, title, "order") VALUES ('01KJB9Q9Y6MXKHKR', '01KJB9Q9Y6SJ1YDF', '{"az":"Samovar","en":"Samovar","ru":"Самовар"}', 4);
INSERT INTO category_filter_options (id, filter_id, title, "order") VALUES ('01KJB9Q9Y65CC6BP', '01KJB9Q9Y6SJ1YDF', '{"az":"Blender/Mikserlər","en":"Blenders/Mixers","ru":"Блендеры/Миксеры"}', 5);
INSERT INTO category_filters (id, category_id, title, type, "order") VALUES ('01KJB9Q9Y610YVMF', '01KJB9Q9Y68E25P2', '{"az":"Material","en":"Material","ru":"Материал"}', 'STATIC', 1);
INSERT INTO category_filter_options (id, filter_id, title, "order") VALUES ('01KJB9Q9Y6N01EC8', '01KJB9Q9Y610YVMF', '{"az":"Çuqun","en":"Cast iron","ru":"Чугун"}', 0);
INSERT INTO category_filter_options (id, filter_id, title, "order") VALUES ('01KJB9Q9Y61BZPZ4', '01KJB9Q9Y610YVMF', '{"az":"Alüminium","en":"Aluminum","ru":"Алюминий"}', 1);
INSERT INTO category_filter_options (id, filter_id, title, "order") VALUES ('01KJB9Q9Y61C7ZFF', '01KJB9Q9Y610YVMF', '{"az":"Keramika","en":"Ceramic","ru":"Керамика"}', 2);
INSERT INTO category_filter_options (id, filter_id, title, "order") VALUES ('01KJB9Q9Y64ECDEB', '01KJB9Q9Y610YVMF', '{"az":"Şüşə","en":"Glass","ru":"Стекло"}', 3);
INSERT INTO category_filter_options (id, filter_id, title, "order") VALUES ('01KJB9Q9Y61Z7G2N', '01KJB9Q9Y610YVMF', '{"az":"Polad","en":"Steel","ru":"Сталь"}', 4);
INSERT INTO categories (id, title, is_active, parent_id, has_options, type) VALUES ('01KJB9Q9Y6PZAM0V', '{"az":"İşıqlandırma","en":"Lighting","ru":"Освещение"}', true, '01KJB9Q9Y5K20MTV', true, 'normal');
INSERT INTO category_filters (id, category_id, title, type, "order") VALUES ('01KJB9Q9Y6NDJKFD', '01KJB9Q9Y6PZAM0V', '{"az":"Növ","en":"Type","ru":"Тип"}', 'STATIC', 0);
INSERT INTO category_filter_options (id, filter_id, title, "order") VALUES ('01KJB9Q9Y6Q7NE8Y', '01KJB9Q9Y6NDJKFD', '{"az":"Çilçıraq","en":"Chandelier","ru":"Люстра"}', 0);
INSERT INTO category_filter_options (id, filter_id, title, "order") VALUES ('01KJB9Q9Y6R4DMS2', '01KJB9Q9Y6NDJKFD', '{"az":"Spot/Gömülü lampa","en":"Recessed light","ru":"Точечный светильник"}', 1);
INSERT INTO category_filter_options (id, filter_id, title, "order") VALUES ('01KJB9Q9Y65C0XD9', '01KJB9Q9Y6NDJKFD', '{"az":"Bra","en":"Sconce","ru":"Бра"}', 2);
INSERT INTO category_filter_options (id, filter_id, title, "order") VALUES ('01KJB9Q9Y6MT9SNK', '01KJB9Q9Y6NDJKFD', '{"az":"Masa lampası","en":"Table lamp","ru":"Настольная лампа"}', 3);
INSERT INTO category_filter_options (id, filter_id, title, "order") VALUES ('01KJB9Q9Y6A7HF2E', '01KJB9Q9Y6NDJKFD', '{"az":"Döşəmə lampası","en":"Floor lamp","ru":"Торшер"}', 4);
INSERT INTO category_filter_options (id, filter_id, title, "order") VALUES ('01KJB9Q9Y6WBPE86', '01KJB9Q9Y6NDJKFD', '{"az":"Büro lampası","en":"Desk lamp","ru":"Настольная лампа"}', 5);
INSERT INTO category_filters (id, category_id, title, type, "order") VALUES ('01KJB9Q9Y6CVSEV8', '01KJB9Q9Y6PZAM0V', '{"az":"Lampa növü","en":"Bulb type","ru":"Тип лампы"}', 'STATIC', 1);
INSERT INTO category_filter_options (id, filter_id, title, "order") VALUES ('01KJB9Q9Y64P7P0T', '01KJB9Q9Y6CVSEV8', '{"az":"LED","en":"LED","ru":"LED"}', 0);
INSERT INTO category_filter_options (id, filter_id, title, "order") VALUES ('01KJB9Q9Y63MQ6MF', '01KJB9Q9Y6CVSEV8', '{"az":"Enerji qənaətli","en":"Energy saving","ru":"Энергосберегающая"}', 1);
INSERT INTO category_filter_options (id, filter_id, title, "order") VALUES ('01KJB9Q9Y6D0TVJN', '01KJB9Q9Y6CVSEV8', '{"az":"Halogenlər","en":"Halogen","ru":"Галоген"}', 2);
INSERT INTO category_filter_options (id, filter_id, title, "order") VALUES ('01KJB9Q9Y673K0DN', '01KJB9Q9Y6CVSEV8', '{"az":"Adi","en":"Incandescent","ru":"Лампа накаливания"}', 3);
INSERT INTO categories (id, title, is_active, parent_id, has_options, type) VALUES ('01KJB9Q9Y6ENXMYY', '{"az":"Təmir və tikinti materialları","en":"Construction materials","ru":"Стройматериалы"}', true, '01KJB9Q9Y5K20MTV', true, 'normal');
INSERT INTO category_filters (id, category_id, title, type, "order") VALUES ('01KJB9Q9Y67Z4DRB', '01KJB9Q9Y6ENXMYY', '{"az":"Növ","en":"Category","ru":"Категория"}', 'STATIC', 0);
INSERT INTO category_filter_options (id, filter_id, title, "order") VALUES ('01KJB9Q9Y6JNV171', '01KJB9Q9Y67Z4DRB', '{"az":"Kərpic/Blok","en":"Brick/Block","ru":"Кирпич/Блок"}', 0);
INSERT INTO category_filter_options (id, filter_id, title, "order") VALUES ('01KJB9Q9Y64FS6ER', '01KJB9Q9Y67Z4DRB', '{"az":"Sement/Gips","en":"Cement/Gypsum","ru":"Цемент/Гипс"}', 1);
INSERT INTO category_filter_options (id, filter_id, title, "order") VALUES ('01KJB9Q9Y6D4CZ8N', '01KJB9Q9Y67Z4DRB', '{"az":"Taxta/Lövhə","en":"Wood/Board","ru":"Дерево/Доска"}', 2);
INSERT INTO category_filter_options (id, filter_id, title, "order") VALUES ('01KJB9Q9Y6TAQBSM', '01KJB9Q9Y67Z4DRB', '{"az":"Polad konstruksiyalar","en":"Steel structures","ru":"Металлоконструкции"}', 3);
INSERT INTO category_filter_options (id, filter_id, title, "order") VALUES ('01KJB9Q9Y6YAZ6S8', '01KJB9Q9Y67Z4DRB', '{"az":"Kafel/Mərmər","en":"Tiles/Marble","ru":"Плитка/Мрамор"}', 4);
INSERT INTO category_filter_options (id, filter_id, title, "order") VALUES ('01KJB9Q9Y64B3QBR', '01KJB9Q9Y67Z4DRB', '{"az":"Boya/Lak","en":"Paint/Varnish","ru":"Краска/Лак"}', 5);
INSERT INTO category_filter_options (id, filter_id, title, "order") VALUES ('01KJB9Q9Y6E8M3H7', '01KJB9Q9Y67Z4DRB', '{"az":"İzolyasiya","en":"Insulation","ru":"Утепление"}', 6);
INSERT INTO category_filter_options (id, filter_id, title, "order") VALUES ('01KJB9Q9Y6STZ62E', '01KJB9Q9Y67Z4DRB', '{"az":"Çatı materialları","en":"Roofing","ru":"Кровля"}', 7);
INSERT INTO categories (id, title, is_active, parent_id, has_options, type) VALUES ('01KJB9Q9Y6GE7Z9C', '{"az":"Santexnika","en":"Plumbing","ru":"Сантехника"}', true, '01KJB9Q9Y5K20MTV', true, 'normal');
INSERT INTO category_filters (id, category_id, title, type, "order") VALUES ('01KJB9Q9Y6PN6WJV', '01KJB9Q9Y6GE7Z9C', '{"az":"Növ","en":"Type","ru":"Тип"}', 'STATIC', 0);
INSERT INTO category_filter_options (id, filter_id, title, "order") VALUES ('01KJB9Q9Y69W7JZE', '01KJB9Q9Y6PN6WJV', '{"az":"Sink/Lavabo","en":"Sink","ru":"Раковина"}', 0);
INSERT INTO category_filter_options (id, filter_id, title, "order") VALUES ('01KJB9Q9Y65R43RK', '01KJB9Q9Y6PN6WJV', '{"az":"Tualet","en":"Toilet","ru":"Унитаз"}', 1);
INSERT INTO category_filter_options (id, filter_id, title, "order") VALUES ('01KJB9Q9Y6BP8PED', '01KJB9Q9Y6PN6WJV', '{"az":"Vanna/Duş","en":"Bath/Shower","ru":"Ванна/Душ"}', 2);
INSERT INTO category_filter_options (id, filter_id, title, "order") VALUES ('01KJB9Q9Y6727BP3', '01KJB9Q9Y6PN6WJV', '{"az":"Qəyyum","en":"Radiator","ru":"Радиатор"}', 3);
INSERT INTO category_filter_options (id, filter_id, title, "order") VALUES ('01KJB9Q9Y6V3Z8YY', '01KJB9Q9Y6PN6WJV', '{"az":"Kran/Boru armaturları","en":"Faucets/Fittings","ru":"Краны/Фитинги"}', 4);
INSERT INTO category_filter_options (id, filter_id, title, "order") VALUES ('01KJB9Q9Y6RGDE2W', '01KJB9Q9Y6PN6WJV', '{"az":"Su isidici","en":"Water heater","ru":"Водонагреватель"}', 5);
INSERT INTO categories (id, title, is_active, parent_id, has_options, type) VALUES ('01KJB9Q9Y62YJ9MW', '{"az":"Bağ mebeli və idman","en":"Garden furniture & leisure","ru":"Садовая мебель и досуг"}', true, '01KJB9Q9Y5K20MTV', true, 'normal');
INSERT INTO category_filters (id, category_id, title, type, "order") VALUES ('01KJB9Q9Y6QHB3KP', '01KJB9Q9Y62YJ9MW', '{"az":"Növ","en":"Type","ru":"Тип"}', 'STATIC', 0);
INSERT INTO category_filter_options (id, filter_id, title, "order") VALUES ('01KJB9Q9Y6H8GMK7', '01KJB9Q9Y6QHB3KP', '{"az":"Bağ dəsti","en":"Garden set","ru":"Садовый набор"}', 0);
INSERT INTO category_filter_options (id, filter_id, title, "order") VALUES ('01KJB9Q9Y6RBAD8W', '01KJB9Q9Y6QHB3KP', '{"az":"Hamak","en":"Hammock","ru":"Гамак"}', 1);
INSERT INTO category_filter_options (id, filter_id, title, "order") VALUES ('01KJB9Q9Y658V8WJ', '01KJB9Q9Y6QHB3KP', '{"az":"Barbeküləri","en":"Barbecue/Grill","ru":"Барбекю/Гриль"}', 2);
INSERT INTO category_filter_options (id, filter_id, title, "order") VALUES ('01KJB9Q9Y6E9CQFN', '01KJB9Q9Y6QHB3KP', '{"az":"Hovuz","en":"Pool","ru":"Бассейн"}', 3);
INSERT INTO category_filter_options (id, filter_id, title, "order") VALUES ('01KJB9Q9Y68SER0E', '01KJB9Q9Y6QHB3KP', '{"az":"Külək gətirəni","en":"Swing","ru":"Качель"}', 4);
INSERT INTO category_filter_options (id, filter_id, title, "order") VALUES ('01KJB9Q9Y72MPN4H', '01KJB9Q9Y6QHB3KP', '{"az":"Uşaq oyun meydançası","en":"Kids playground","ru":"Детская площадка"}', 5);
INSERT INTO categories (id, title, is_active, parent_id, has_options, type) VALUES ('01KJB9Q9Y79S7124', '{"az":"Ev bitkiləri","en":"Houseplants","ru":"Комнатные растения"}', true, '01KJB9Q9Y5K20MTV', true, 'normal');
INSERT INTO category_filters (id, category_id, title, type, "order") VALUES ('01KJB9Q9Y7A7MVGD', '01KJB9Q9Y79S7124', '{"az":"Növ","en":"Type","ru":"Тип"}', 'STATIC', 0);
INSERT INTO category_filter_options (id, filter_id, title, "order") VALUES ('01KJB9Q9Y7EJK0RK', '01KJB9Q9Y7A7MVGD', '{"az":"Güllər","en":"Flowers","ru":"Цветы"}', 0);
INSERT INTO category_filter_options (id, filter_id, title, "order") VALUES ('01KJB9Q9Y7Z4KCFX', '01KJB9Q9Y7A7MVGD', '{"az":"Kaktus/Sukkulent","en":"Cactus/Succulent","ru":"Кактус/Суккулент"}', 1);
INSERT INTO category_filter_options (id, filter_id, title, "order") VALUES ('01KJB9Q9Y7GHF7GM', '01KJB9Q9Y7A7MVGD', '{"az":"Palma/Egzotik","en":"Palm/Exotic","ru":"Пальма/Экзотика"}', 2);
INSERT INTO category_filter_options (id, filter_id, title, "order") VALUES ('01KJB9Q9Y72E71DT', '01KJB9Q9Y7A7MVGD', '{"az":"Ağac/Kol","en":"Tree/Shrub","ru":"Дерево/Куст"}', 3);
INSERT INTO category_filter_options (id, filter_id, title, "order") VALUES ('01KJB9Q9Y7FFMBQC', '01KJB9Q9Y7A7MVGD', '{"az":"Çiçək toxumu","en":"Seeds","ru":"Семена"}', 4);
INSERT INTO categories (id, title, is_active, parent_id, has_options, type) VALUES ('01KJB9Q9Y7T8ZFKQ', '{"az":"Kənd təsərrüfatı avadanlıqları","en":"Agricultural supplies","ru":"Сельскохозяйственные товары"}', true, '01KJB9Q9Y5K20MTV', true, 'normal');
INSERT INTO category_filters (id, category_id, title, type, "order") VALUES ('01KJB9Q9Y7RZ4SP9', '01KJB9Q9Y7T8ZFKQ', '{"az":"Növ","en":"Type","ru":"Тип"}', 'STATIC', 0);
INSERT INTO category_filter_options (id, filter_id, title, "order") VALUES ('01KJB9Q9Y7PZC3QX', '01KJB9Q9Y7RZ4SP9', '{"az":"Toxumlar","en":"Seeds","ru":"Семена"}', 0);
INSERT INTO category_filter_options (id, filter_id, title, "order") VALUES ('01KJB9Q9Y7M8X2ST', '01KJB9Q9Y7RZ4SP9', '{"az":"Gübrələr","en":"Fertilizers","ru":"Удобрения"}', 1);
INSERT INTO category_filter_options (id, filter_id, title, "order") VALUES ('01KJB9Q9Y78W4YQC', '01KJB9Q9Y7RZ4SP9', '{"az":"Bitki mühafizəsi","en":"Pesticides","ru":"Средства защиты растений"}', 2);
INSERT INTO category_filter_options (id, filter_id, title, "order") VALUES ('01KJB9Q9Y7F1CZN4', '01KJB9Q9Y7RZ4SP9', '{"az":"Suvarma sistemi","en":"Irrigation","ru":"Орошение"}', 3);
INSERT INTO category_filter_options (id, filter_id, title, "order") VALUES ('01KJB9Q9Y7KEA1SR', '01KJB9Q9Y7RZ4SP9', '{"az":"Əl alətləri","en":"Hand tools","ru":"Ручные инструменты"}', 4);
INSERT INTO category_filter_options (id, filter_id, title, "order") VALUES ('01KJB9Q9Y75RMN7C', '01KJB9Q9Y7RZ4SP9', '{"az":"Ot biçən","en":"Lawn mower","ru":"Газонокосилка"}', 5);

COMMIT;
