BEGIN;

-- ==========================================
-- Daşınmaz əmlak / Real Estate / Недвижимость
-- ==========================================
INSERT INTO categories (id, title, is_active, parent_id, has_options, type) VALUES ('01KJB9Q9XX3MXF8B', '{"az":"Daşınmaz əmlak","en":"Real Estate","ru":"Недвижимость"}', true, NULL, false, 'normal');
INSERT INTO categories (id, title, is_active, parent_id, has_options, type) VALUES ('01KJB9Q9XXSY8Y3Z', '{"az":"Mənzillər","en":"Apartments","ru":"Квартиры"}', true, '01KJB9Q9XX3MXF8B', true, 'normal');
INSERT INTO category_filters (id, category_id, title, type, "order") VALUES ('01KJB9Q9XXQAQD9K', '01KJB9Q9XXSY8Y3Z', '{"az":"Əməliyyat növü","en":"Deal Type","ru":"Тип сделки"}', 'STATIC', 0);
INSERT INTO category_filter_options (id, filter_id, title, "order") VALUES ('01KJB9Q9XY1B75SK', '01KJB9Q9XXQAQD9K', '{"az":"Satış","en":"Sale","ru":"Продажа"}', 0);
INSERT INTO category_filter_options (id, filter_id, title, "order") VALUES ('01KJB9Q9XY1EA8ED', '01KJB9Q9XXQAQD9K', '{"az":"Kirayə","en":"Rent","ru":"Аренда"}', 1);
INSERT INTO category_filter_options (id, filter_id, title, "order") VALUES ('01KJB9Q9XYHEPF88', '01KJB9Q9XXQAQD9K', '{"az":"Günlük kirayə","en":"Daily rent","ru":"Посуточная аренда"}', 2);
INSERT INTO category_filters (id, category_id, title, type, "order") VALUES ('01KJB9Q9XYE6GBXX', '01KJB9Q9XXSY8Y3Z', '{"az":"Otaq sayı","en":"Rooms","ru":"Количество комнат"}', 'STATIC', 1);
INSERT INTO category_filter_options (id, filter_id, title, "order") VALUES ('01KJB9Q9XYQGN4Y2', '01KJB9Q9XYE6GBXX', '{"az":"1","en":"1","ru":"1"}', 0);
INSERT INTO category_filter_options (id, filter_id, title, "order") VALUES ('01KJB9Q9XYD21NSD', '01KJB9Q9XYE6GBXX', '{"az":"2","en":"2","ru":"2"}', 1);
INSERT INTO category_filter_options (id, filter_id, title, "order") VALUES ('01KJB9Q9XYT8DJCX', '01KJB9Q9XYE6GBXX', '{"az":"3","en":"3","ru":"3"}', 2);
INSERT INTO category_filter_options (id, filter_id, title, "order") VALUES ('01KJB9Q9XYQAA1RD', '01KJB9Q9XYE6GBXX', '{"az":"4","en":"4","ru":"4"}', 3);
INSERT INTO category_filter_options (id, filter_id, title, "order") VALUES ('01KJB9Q9XYDPB9C8', '01KJB9Q9XYE6GBXX', '{"az":"5","en":"5","ru":"5"}', 4);
INSERT INTO category_filter_options (id, filter_id, title, "order") VALUES ('01KJB9Q9XYB5TKN1', '01KJB9Q9XYE6GBXX', '{"az":"6+","en":"6+","ru":"6+"}', 5);
INSERT INTO category_filters (id, category_id, title, type, "order") VALUES ('01KJB9Q9XY1YACPW', '01KJB9Q9XXSY8Y3Z', '{"az":"Təmir","en":"Repair","ru":"Ремонт"}', 'STATIC', 2);
INSERT INTO category_filter_options (id, filter_id, title, "order") VALUES ('01KJB9Q9XY3MZG5X', '01KJB9Q9XY1YACPW', '{"az":"Təmirsiz","en":"No repair","ru":"Без ремонта"}', 0);
INSERT INTO category_filter_options (id, filter_id, title, "order") VALUES ('01KJB9Q9XYMWW7ZQ', '01KJB9Q9XY1YACPW', '{"az":"Zəif","en":"Poor","ru":"Слабый"}', 1);
INSERT INTO category_filter_options (id, filter_id, title, "order") VALUES ('01KJB9Q9XYE5MBBF', '01KJB9Q9XY1YACPW', '{"az":"Orta","en":"Medium","ru":"Средний"}', 2);
INSERT INTO category_filter_options (id, filter_id, title, "order") VALUES ('01KJB9Q9XYSSZ33D', '01KJB9Q9XY1YACPW', '{"az":"Yaxşı","en":"Good","ru":"Хороший"}', 3);
INSERT INTO category_filter_options (id, filter_id, title, "order") VALUES ('01KJB9Q9XYDBWMSS', '01KJB9Q9XY1YACPW', '{"az":"Əla","en":"Excellent","ru":"Отличный"}', 4);
INSERT INTO category_filters (id, category_id, title, type, "order") VALUES ('01KJB9Q9XYS1R8DK', '01KJB9Q9XXSY8Y3Z', '{"az":"Kupça","en":"Document","ru":"Купчая"}', 'STATIC', 3);
INSERT INTO category_filter_options (id, filter_id, title, "order") VALUES ('01KJB9Q9XYZSC0X3', '01KJB9Q9XYS1R8DK', '{"az":"Var","en":"Yes","ru":"Есть"}', 0);
INSERT INTO category_filter_options (id, filter_id, title, "order") VALUES ('01KJB9Q9XYD90ZGH', '01KJB9Q9XYS1R8DK', '{"az":"Yoxdur","en":"No","ru":"Нет"}', 1);
INSERT INTO category_filters (id, category_id, title, type, "order") VALUES ('01KJB9Q9XYKDS78S', '01KJB9Q9XXSY8Y3Z', '{"az":"Layihə","en":"Project","ru":"Проект"}', 'STATIC', 4);
INSERT INTO category_filter_options (id, filter_id, title, "order") VALUES ('01KJB9Q9XY80N793', '01KJB9Q9XYKDS78S', '{"az":"Kiyev","en":"Kiyev","ru":"Киевский"}', 0);
INSERT INTO category_filter_options (id, filter_id, title, "order") VALUES ('01KJB9Q9XYZN6XYS', '01KJB9Q9XYKDS78S', '{"az":"Xruşşov","en":"Khruşşov","ru":"Хрущевка"}', 1);
INSERT INTO category_filter_options (id, filter_id, title, "order") VALUES ('01KJB9Q9XYGASEJB', '01KJB9Q9XYKDS78S', '{"az":"Stalinka","en":"Stalinka","ru":"Сталинка"}', 2);
INSERT INTO category_filter_options (id, filter_id, title, "order") VALUES ('01KJB9Q9XYP5382G', '01KJB9Q9XYKDS78S', '{"az":"Lelinqrad","en":"Leningrad","ru":"Ленинградский"}', 3);
INSERT INTO category_filter_options (id, filter_id, title, "order") VALUES ('01KJB9Q9XY484TFD', '01KJB9Q9XYKDS78S', '{"az":"Minsk","en":"Minsk","ru":"Минский"}', 4);
INSERT INTO category_filter_options (id, filter_id, title, "order") VALUES ('01KJB9Q9XYYJPCQY', '01KJB9Q9XYKDS78S', '{"az":"Yeni tikili","en":"New","ru":"Новостройка"}', 5);
INSERT INTO category_filters (id, category_id, title, type, "order") VALUES ('01KJB9Q9XYB6GM5E', '01KJB9Q9XXSY8Y3Z', '{"az":"Sahə (m²)","en":"Area (m²)","ru":"Площадь (м²)"}', 'DYNAMIC', 5);
INSERT INTO category_filters (id, category_id, title, type, "order") VALUES ('01KJB9Q9XYFMQJ6C', '01KJB9Q9XXSY8Y3Z', '{"az":"Mərtəbə","en":"Floor","ru":"Этаж"}', 'DYNAMIC', 6);
INSERT INTO category_filters (id, category_id, title, type, "order") VALUES ('01KJB9Q9XYEVSRW1', '01KJB9Q9XXSY8Y3Z', '{"az":"Binanın mərtəbə sayı","en":"Total floors","ru":"Этажность здания"}', 'DYNAMIC', 7);
INSERT INTO categories (id, title, is_active, parent_id, has_options, type) VALUES ('01KJB9Q9XYDGJ6EN', '{"az":"Yeni tikililər","en":"New buildings","ru":"Новостройки"}', true, '01KJB9Q9XX3MXF8B', true, 'normal');
INSERT INTO category_filters (id, category_id, title, type, "order") VALUES ('01KJB9Q9XYR0XDTS', '01KJB9Q9XYDGJ6EN', '{"az":"Əməliyyat növü","en":"Deal Type","ru":"Тип сделки"}', 'STATIC', 0);
INSERT INTO category_filter_options (id, filter_id, title, "order") VALUES ('01KJB9Q9XY1P4SYS', '01KJB9Q9XYR0XDTS', '{"az":"Satış","en":"Sale","ru":"Продажа"}', 0);
INSERT INTO category_filter_options (id, filter_id, title, "order") VALUES ('01KJB9Q9XYDQ38W2', '01KJB9Q9XYR0XDTS', '{"az":"Kirayə","en":"Rent","ru":"Аренда"}', 1);
INSERT INTO category_filter_options (id, filter_id, title, "order") VALUES ('01KJB9Q9XY1W9CWY', '01KJB9Q9XYR0XDTS', '{"az":"Günlük kirayə","en":"Daily rent","ru":"Посуточная аренда"}', 2);
INSERT INTO category_filters (id, category_id, title, type, "order") VALUES ('01KJB9Q9XYD730ZP', '01KJB9Q9XYDGJ6EN', '{"az":"Otaq sayı","en":"Rooms","ru":"Количество комнат"}', 'STATIC', 1);
INSERT INTO category_filter_options (id, filter_id, title, "order") VALUES ('01KJB9Q9XYRNVGAV', '01KJB9Q9XYD730ZP', '{"az":"1","en":"1","ru":"1"}', 0);
INSERT INTO category_filter_options (id, filter_id, title, "order") VALUES ('01KJB9Q9XYZBJG21', '01KJB9Q9XYD730ZP', '{"az":"2","en":"2","ru":"2"}', 1);
INSERT INTO category_filter_options (id, filter_id, title, "order") VALUES ('01KJB9Q9XYJ65EHS', '01KJB9Q9XYD730ZP', '{"az":"3","en":"3","ru":"3"}', 2);
INSERT INTO category_filter_options (id, filter_id, title, "order") VALUES ('01KJB9Q9XY6WF0RQ', '01KJB9Q9XYD730ZP', '{"az":"4","en":"4","ru":"4"}', 3);
INSERT INTO category_filter_options (id, filter_id, title, "order") VALUES ('01KJB9Q9XYF85V0N', '01KJB9Q9XYD730ZP', '{"az":"5","en":"5","ru":"5"}', 4);
INSERT INTO category_filter_options (id, filter_id, title, "order") VALUES ('01KJB9Q9XYW3QA16', '01KJB9Q9XYD730ZP', '{"az":"6+","en":"6+","ru":"6+"}', 5);
INSERT INTO category_filters (id, category_id, title, type, "order") VALUES ('01KJB9Q9XYFJKKA3', '01KJB9Q9XYDGJ6EN', '{"az":"Təmir","en":"Repair","ru":"Ремонт"}', 'STATIC', 2);
INSERT INTO category_filter_options (id, filter_id, title, "order") VALUES ('01KJB9Q9XY4SK3JH', '01KJB9Q9XYFJKKA3', '{"az":"Təmirsiz","en":"No repair","ru":"Без ремонта"}', 0);
INSERT INTO category_filter_options (id, filter_id, title, "order") VALUES ('01KJB9Q9XY2F2KAV', '01KJB9Q9XYFJKKA3', '{"az":"Zəif","en":"Poor","ru":"Слабый"}', 1);
INSERT INTO category_filter_options (id, filter_id, title, "order") VALUES ('01KJB9Q9XYG1NXD6', '01KJB9Q9XYFJKKA3', '{"az":"Orta","en":"Medium","ru":"Средний"}', 2);
INSERT INTO category_filter_options (id, filter_id, title, "order") VALUES ('01KJB9Q9XYA80K57', '01KJB9Q9XYFJKKA3', '{"az":"Yaxşı","en":"Good","ru":"Хороший"}', 3);
INSERT INTO category_filter_options (id, filter_id, title, "order") VALUES ('01KJB9Q9XY0D9JT0', '01KJB9Q9XYFJKKA3', '{"az":"Əla","en":"Excellent","ru":"Отличный"}', 4);
INSERT INTO category_filters (id, category_id, title, type, "order") VALUES ('01KJB9Q9XYRSEM5H', '01KJB9Q9XYDGJ6EN', '{"az":"Kupça","en":"Document","ru":"Купчая"}', 'STATIC', 3);
INSERT INTO category_filter_options (id, filter_id, title, "order") VALUES ('01KJB9Q9XY7NNE50', '01KJB9Q9XYRSEM5H', '{"az":"Var","en":"Yes","ru":"Есть"}', 0);
INSERT INTO category_filter_options (id, filter_id, title, "order") VALUES ('01KJB9Q9XYG1393B', '01KJB9Q9XYRSEM5H', '{"az":"Yoxdur","en":"No","ru":"Нет"}', 1);
INSERT INTO category_filters (id, category_id, title, type, "order") VALUES ('01KJB9Q9XYZ2ZY9P', '01KJB9Q9XYDGJ6EN', '{"az":"Sahə (m²)","en":"Area (m²)","ru":"Площадь (м²)"}', 'DYNAMIC', 4);
INSERT INTO category_filters (id, category_id, title, type, "order") VALUES ('01KJB9Q9XY8HPWRJ', '01KJB9Q9XYDGJ6EN', '{"az":"Mərtəbə","en":"Floor","ru":"Этаж"}', 'DYNAMIC', 5);
INSERT INTO categories (id, title, is_active, parent_id, has_options, type) VALUES ('01KJB9Q9XYE39AJZ', '{"az":"Evlər və villalar","en":"Houses & Villas","ru":"Дома и виллы"}', true, '01KJB9Q9XX3MXF8B', true, 'normal');
INSERT INTO category_filters (id, category_id, title, type, "order") VALUES ('01KJB9Q9XYFKAZKC', '01KJB9Q9XYE39AJZ', '{"az":"Əməliyyat növü","en":"Deal Type","ru":"Тип сделки"}', 'STATIC', 0);
INSERT INTO category_filter_options (id, filter_id, title, "order") VALUES ('01KJB9Q9XY5R0RMJ', '01KJB9Q9XYFKAZKC', '{"az":"Satış","en":"Sale","ru":"Продажа"}', 0);
INSERT INTO category_filter_options (id, filter_id, title, "order") VALUES ('01KJB9Q9XZ6K2C0J', '01KJB9Q9XYFKAZKC', '{"az":"Kirayə","en":"Rent","ru":"Аренда"}', 1);
INSERT INTO category_filter_options (id, filter_id, title, "order") VALUES ('01KJB9Q9XZJ0PZQR', '01KJB9Q9XYFKAZKC', '{"az":"Günlük kirayə","en":"Daily rent","ru":"Посуточная аренда"}', 2);
INSERT INTO category_filters (id, category_id, title, type, "order") VALUES ('01KJB9Q9XZJHB4HQ', '01KJB9Q9XYE39AJZ', '{"az":"Otaq sayı","en":"Rooms","ru":"Количество комнат"}', 'STATIC', 1);
INSERT INTO category_filter_options (id, filter_id, title, "order") VALUES ('01KJB9Q9XZVVDZR5', '01KJB9Q9XZJHB4HQ', '{"az":"1","en":"1","ru":"1"}', 0);
INSERT INTO category_filter_options (id, filter_id, title, "order") VALUES ('01KJB9Q9XZRZ1G85', '01KJB9Q9XZJHB4HQ', '{"az":"2","en":"2","ru":"2"}', 1);
INSERT INTO category_filter_options (id, filter_id, title, "order") VALUES ('01KJB9Q9XZTR2BGN', '01KJB9Q9XZJHB4HQ', '{"az":"3","en":"3","ru":"3"}', 2);
INSERT INTO category_filter_options (id, filter_id, title, "order") VALUES ('01KJB9Q9XZY5QV57', '01KJB9Q9XZJHB4HQ', '{"az":"4","en":"4","ru":"4"}', 3);
INSERT INTO category_filter_options (id, filter_id, title, "order") VALUES ('01KJB9Q9XZD08Z0N', '01KJB9Q9XZJHB4HQ', '{"az":"5","en":"5","ru":"5"}', 4);
INSERT INTO category_filter_options (id, filter_id, title, "order") VALUES ('01KJB9Q9XZ4ZFZWX', '01KJB9Q9XZJHB4HQ', '{"az":"6+","en":"6+","ru":"6+"}', 5);
INSERT INTO category_filters (id, category_id, title, type, "order") VALUES ('01KJB9Q9XZ8TZJV1', '01KJB9Q9XYE39AJZ', '{"az":"Təmir","en":"Repair","ru":"Ремонт"}', 'STATIC', 2);
INSERT INTO category_filter_options (id, filter_id, title, "order") VALUES ('01KJB9Q9XZ7A2RF8', '01KJB9Q9XZ8TZJV1', '{"az":"Təmirsiz","en":"No repair","ru":"Без ремонта"}', 0);
INSERT INTO category_filter_options (id, filter_id, title, "order") VALUES ('01KJB9Q9XZ52HR5E', '01KJB9Q9XZ8TZJV1', '{"az":"Zəif","en":"Poor","ru":"Слабый"}', 1);
INSERT INTO category_filter_options (id, filter_id, title, "order") VALUES ('01KJB9Q9XZXA1BK4', '01KJB9Q9XZ8TZJV1', '{"az":"Orta","en":"Medium","ru":"Средний"}', 2);
INSERT INTO category_filter_options (id, filter_id, title, "order") VALUES ('01KJB9Q9XZ25JCGQ', '01KJB9Q9XZ8TZJV1', '{"az":"Yaxşı","en":"Good","ru":"Хороший"}', 3);
INSERT INTO category_filter_options (id, filter_id, title, "order") VALUES ('01KJB9Q9XZ77BF2M', '01KJB9Q9XZ8TZJV1', '{"az":"Əla","en":"Excellent","ru":"Отличный"}', 4);
INSERT INTO category_filters (id, category_id, title, type, "order") VALUES ('01KJB9Q9XZK1TWC0', '01KJB9Q9XYE39AJZ', '{"az":"Kupça","en":"Document","ru":"Купчая"}', 'STATIC', 3);
INSERT INTO category_filter_options (id, filter_id, title, "order") VALUES ('01KJB9Q9XZGDR8ER', '01KJB9Q9XZK1TWC0', '{"az":"Var","en":"Yes","ru":"Есть"}', 0);
INSERT INTO category_filter_options (id, filter_id, title, "order") VALUES ('01KJB9Q9XZ8HYSN9', '01KJB9Q9XZK1TWC0', '{"az":"Yoxdur","en":"No","ru":"Нет"}', 1);
INSERT INTO category_filters (id, category_id, title, type, "order") VALUES ('01KJB9Q9XZ6FZDZ8', '01KJB9Q9XYE39AJZ', '{"az":"Həyətyanı sahə (sot)","en":"Land area (sot)","ru":"Участок (сот)"}', 'DYNAMIC', 4);
INSERT INTO category_filters (id, category_id, title, type, "order") VALUES ('01KJB9Q9XZWCMCD0', '01KJB9Q9XYE39AJZ', '{"az":"Evin sahəsi (m²)","en":"House area (m²)","ru":"Площадь (м²)"}', 'DYNAMIC', 5);
INSERT INTO categories (id, title, is_active, parent_id, has_options, type) VALUES ('01KJB9Q9XZ1FA5MP', '{"az":"Torpaq sahələri","en":"Land plots","ru":"Земельные участки"}', true, '01KJB9Q9XX3MXF8B', true, 'normal');
INSERT INTO category_filters (id, category_id, title, type, "order") VALUES ('01KJB9Q9XZANSZTN', '01KJB9Q9XZ1FA5MP', '{"az":"Əməliyyat növü","en":"Deal Type","ru":"Тип сделки"}', 'STATIC', 0);
INSERT INTO category_filter_options (id, filter_id, title, "order") VALUES ('01KJB9Q9XZ4AC536', '01KJB9Q9XZANSZTN', '{"az":"Satış","en":"Sale","ru":"Продажа"}', 0);
INSERT INTO category_filter_options (id, filter_id, title, "order") VALUES ('01KJB9Q9XZHQJXAK', '01KJB9Q9XZANSZTN', '{"az":"Kirayə","en":"Rent","ru":"Аренда"}', 1);
INSERT INTO category_filter_options (id, filter_id, title, "order") VALUES ('01KJB9Q9XZN120ZG', '01KJB9Q9XZANSZTN', '{"az":"Günlük kirayə","en":"Daily rent","ru":"Посуточная аренда"}', 2);
INSERT INTO category_filters (id, category_id, title, type, "order") VALUES ('01KJB9Q9XZ3AASQ3', '01KJB9Q9XZ1FA5MP', '{"az":"Kupça","en":"Document","ru":"Купчая"}', 'STATIC', 1);
INSERT INTO category_filter_options (id, filter_id, title, "order") VALUES ('01KJB9Q9XZZGM9RZ', '01KJB9Q9XZ3AASQ3', '{"az":"Var","en":"Yes","ru":"Есть"}', 0);
INSERT INTO category_filter_options (id, filter_id, title, "order") VALUES ('01KJB9Q9XZMH5AHQ', '01KJB9Q9XZ3AASQ3', '{"az":"Yoxdur","en":"No","ru":"Нет"}', 1);
INSERT INTO category_filters (id, category_id, title, type, "order") VALUES ('01KJB9Q9XZADK1X7', '01KJB9Q9XZ1FA5MP', '{"az":"Sahə (sot)","en":"Area (sot)","ru":"Площадь (сот)"}', 'DYNAMIC', 2);
INSERT INTO category_filters (id, category_id, title, type, "order") VALUES ('01KJB9Q9XZ2ZZ3S9', '01KJB9Q9XZ1FA5MP', '{"az":"Təyinatı","en":"Purpose","ru":"Назначение"}', 'STATIC', 3);
INSERT INTO category_filter_options (id, filter_id, title, "order") VALUES ('01KJB9Q9XZ2XF9XM', '01KJB9Q9XZ2ZZ3S9', '{"az":"Yaşayış","en":"Residential","ru":"Жилое"}', 0);
INSERT INTO category_filter_options (id, filter_id, title, "order") VALUES ('01KJB9Q9XZRKGYTW', '01KJB9Q9XZ2ZZ3S9', '{"az":"Kənd təsərrüfatı","en":"Agricultural","ru":"Сельскохозяйственное"}', 1);
INSERT INTO category_filter_options (id, filter_id, title, "order") VALUES ('01KJB9Q9XZQQ798X', '01KJB9Q9XZ2ZZ3S9', '{"az":"Kommersiya","en":"Commercial","ru":"Коммерческое"}', 2);
INSERT INTO category_filter_options (id, filter_id, title, "order") VALUES ('01KJB9Q9XZNP8GA0', '01KJB9Q9XZ2ZZ3S9', '{"az":"Sənaye","en":"Industrial","ru":"Промышленное"}', 3);
INSERT INTO categories (id, title, is_active, parent_id, has_options, type) VALUES ('01KJB9Q9XZC07QJB', '{"az":"Kommersiya əmlakı","en":"Commercial property","ru":"Коммерческая недвижимость"}', true, '01KJB9Q9XX3MXF8B', true, 'normal');
INSERT INTO category_filters (id, category_id, title, type, "order") VALUES ('01KJB9Q9XZMZNVY8', '01KJB9Q9XZC07QJB', '{"az":"Əməliyyat növü","en":"Deal Type","ru":"Тип сделки"}', 'STATIC', 0);
INSERT INTO category_filter_options (id, filter_id, title, "order") VALUES ('01KJB9Q9XZPW08SA', '01KJB9Q9XZMZNVY8', '{"az":"Satış","en":"Sale","ru":"Продажа"}', 0);
INSERT INTO category_filter_options (id, filter_id, title, "order") VALUES ('01KJB9Q9XZ6G89KY', '01KJB9Q9XZMZNVY8', '{"az":"Kirayə","en":"Rent","ru":"Аренда"}', 1);
INSERT INTO category_filter_options (id, filter_id, title, "order") VALUES ('01KJB9Q9XZT27BS7', '01KJB9Q9XZMZNVY8', '{"az":"Günlük kirayə","en":"Daily rent","ru":"Посуточная аренда"}', 2);
INSERT INTO category_filters (id, category_id, title, type, "order") VALUES ('01KJB9Q9XZC29W28', '01KJB9Q9XZC07QJB', '{"az":"Təmir","en":"Repair","ru":"Ремонт"}', 'STATIC', 1);
INSERT INTO category_filter_options (id, filter_id, title, "order") VALUES ('01KJB9Q9XZ9VF2BZ', '01KJB9Q9XZC29W28', '{"az":"Təmirsiz","en":"No repair","ru":"Без ремонта"}', 0);
INSERT INTO category_filter_options (id, filter_id, title, "order") VALUES ('01KJB9Q9XZ8P91WE', '01KJB9Q9XZC29W28', '{"az":"Zəif","en":"Poor","ru":"Слабый"}', 1);
INSERT INTO category_filter_options (id, filter_id, title, "order") VALUES ('01KJB9Q9XZFBDEQF', '01KJB9Q9XZC29W28', '{"az":"Orta","en":"Medium","ru":"Средний"}', 2);
INSERT INTO category_filter_options (id, filter_id, title, "order") VALUES ('01KJB9Q9XZMX00XV', '01KJB9Q9XZC29W28', '{"az":"Yaxşı","en":"Good","ru":"Хороший"}', 3);
INSERT INTO category_filter_options (id, filter_id, title, "order") VALUES ('01KJB9Q9XZ0MBT3W', '01KJB9Q9XZC29W28', '{"az":"Əla","en":"Excellent","ru":"Отличный"}', 4);
INSERT INTO category_filters (id, category_id, title, type, "order") VALUES ('01KJB9Q9XZCQT4ET', '01KJB9Q9XZC07QJB', '{"az":"Kupça","en":"Document","ru":"Купчая"}', 'STATIC', 2);
INSERT INTO category_filter_options (id, filter_id, title, "order") VALUES ('01KJB9Q9XZTWWJGV', '01KJB9Q9XZCQT4ET', '{"az":"Var","en":"Yes","ru":"Есть"}', 0);
INSERT INTO category_filter_options (id, filter_id, title, "order") VALUES ('01KJB9Q9XZYHN5SY', '01KJB9Q9XZCQT4ET', '{"az":"Yoxdur","en":"No","ru":"Нет"}', 1);
INSERT INTO category_filters (id, category_id, title, type, "order") VALUES ('01KJB9Q9XZT5GJ0B', '01KJB9Q9XZC07QJB', '{"az":"Sahə (m²)","en":"Area (m²)","ru":"Площадь (м²)"}', 'DYNAMIC', 3);
INSERT INTO category_filters (id, category_id, title, type, "order") VALUES ('01KJB9Q9XZB95FM4', '01KJB9Q9XZC07QJB', '{"az":"Növ","en":"Type","ru":"Тип"}', 'STATIC', 4);
INSERT INTO category_filter_options (id, filter_id, title, "order") VALUES ('01KJB9Q9XZWWPY2Q', '01KJB9Q9XZB95FM4', '{"az":"Ofis","en":"Office","ru":"Офис"}', 0);
INSERT INTO category_filter_options (id, filter_id, title, "order") VALUES ('01KJB9Q9XZKY05W8', '01KJB9Q9XZB95FM4', '{"az":"Mağaza","en":"Shop","ru":"Магазин"}', 1);
INSERT INTO category_filter_options (id, filter_id, title, "order") VALUES ('01KJB9Q9XZVMECX9', '01KJB9Q9XZB95FM4', '{"az":"Obyekt","en":"Facility","ru":"Объект"}', 2);
INSERT INTO category_filter_options (id, filter_id, title, "order") VALUES ('01KJB9Q9XZF4JA0S', '01KJB9Q9XZB95FM4', '{"az":"Anbar","en":"Warehouse","ru":"Склад"}', 3);
INSERT INTO category_filter_options (id, filter_id, title, "order") VALUES ('01KJB9Q9XZB9EY0Q', '01KJB9Q9XZB95FM4', '{"az":"Zavod","en":"Factory","ru":"Завод"}', 4);
INSERT INTO categories (id, title, is_active, parent_id, has_options, type) VALUES ('01KJB9Q9XZG9M5GW', '{"az":"Qarajlar","en":"Garages","ru":"Гаражи"}', true, '01KJB9Q9XX3MXF8B', true, 'normal');
INSERT INTO category_filters (id, category_id, title, type, "order") VALUES ('01KJB9Q9XZJ2JQC3', '01KJB9Q9XZG9M5GW', '{"az":"Əməliyyat növü","en":"Deal Type","ru":"Тип сделки"}', 'STATIC', 0);
INSERT INTO category_filter_options (id, filter_id, title, "order") VALUES ('01KJB9Q9XZA4Z1BT', '01KJB9Q9XZJ2JQC3', '{"az":"Satış","en":"Sale","ru":"Продажа"}', 0);
INSERT INTO category_filter_options (id, filter_id, title, "order") VALUES ('01KJB9Q9XZWXGWGR', '01KJB9Q9XZJ2JQC3', '{"az":"Kirayə","en":"Rent","ru":"Аренда"}', 1);
INSERT INTO category_filter_options (id, filter_id, title, "order") VALUES ('01KJB9Q9XZ5T29CT', '01KJB9Q9XZJ2JQC3', '{"az":"Günlük kirayə","en":"Daily rent","ru":"Посуточная аренда"}', 2);
INSERT INTO category_filters (id, category_id, title, type, "order") VALUES ('01KJB9Q9XZB0Y0ZW', '01KJB9Q9XZG9M5GW', '{"az":"Sahə (m²)","en":"Area (m²)","ru":"Площадь (м²)"}', 'DYNAMIC', 1);

COMMIT;
